direction,abs_angle,cosine,angular,euclidean,path,rate,curvature,instability,B_accuracy,C_margin,N
frontal,0.0,4.187679960800278e-10,0.00013898599639849027,1.9964063518135797e-08,0.0,0.07072792645430398,24.001060357742777,0.11899206196710432,0.9765807962529274,0.01363562490677666,427
left,1.0,0.002668603103110606,4.05342227066987,0.07072792651537431,0.07072792645430398,0.07110940484412939,21.175511959850816,0.09498010740661231,0.9859484777517564,0.013787916030481772,427
left,2.0,0.0058814763185291155,6.058099511635667,0.10567554503469892,0.14183733129843337,0.07243807755183838,20.34445205849959,0.09425484557446327,0.9929742388758782,0.014120188334507462,427
left,3.0,0.009421360576459897,7.746658144287538,0.1350914438274761,0.21427540885027174,0.07198460489092721,20.05915394269349,0.09360190527186461,0.9953161592505855,0.014438669770886245,427
left,4.0,0.013727339146008816,9.355403059260349,0.16308273211016866,0.28626001374119897,0.07528901441280121,19.140921274948887,0.09382818241448816,0.9953161592505855,0.014190806856758421,427
left,5.0,0.01895420836062286,10.994291804713443,0.19156205406373222,0.3615490281540002,0.07598976852847765,18.667660644945112,0.09624229306115199,0.9929742388758782,0.01365167293392244,427
left,6.0,0.024560789872109193,12.4982551054318,0.21765389111966105,0.43753879668247786,0.0768335015279627,18.655909264091182,0.09753611563449721,0.9742388758782201,0.01268501555333372,427
left,7.0,0.029967476947525346,13.825879439816262,0.24065937450814304,0.5143722982104405,0.0763409261262389,18.927359793055196,0.09930601955088296,0.955503512880562,0.011886317501023447,427
left,8.0,0.03612831939858072,15.177431810097616,0.26403585044924494,0.5907132243366794,0.07689168134080443,19.318928429380346,0.10165954067151496,0.9227166276346604,0.010890940313316898,427
left,9.0,0.04287675993224776,16.561295205591993,0.2879379365497227,0.6676049056774839,0.07783999721534916,19.306953803653855,0.10288789140745404,0.8524590163934426,0.009741711811941178,427
left,10.0,0.05053419698317659,18.002306618790996,0.31277748289795054,0.745444902892833,0.081541046552552,18.615611453418712,0.10530128810703056,0.8126463700234192,0.008866629918788579,427
left,11.0,0.05930487598691668,19.54089758602741,0.3392477212800913,0.8269859494453851,0.08024138566411909,18.350430094053344,0.10679914106111058,0.7681498829039812,0.008267916896024968,427
left,12.0,0.06735832406430389,20.85549340929304,0.36181202523881434,0.9072273351095042,0.07900231655259601,19.01882657411924,0.10660275485392756,0.7213114754098361,0.00745198165504938,427
left,13.0,0.07514661020082389,22.057325776343603,0.3823976246269302,0.9862296516621001,0.07676319456910081,19.569608760604773,0.10517170044661127,0.6557377049180327,0.006486044834592582,427
left,14.0,0.08167435469616213,23.011460118885623,0.39870284103398024,1.0629928462312008,0.07815230979782636,19.652925311051344,0.10466918847425481,0.6463700234192038,0.005797957508569579,427
left,15.0,0.08812094181427073,23.91185656420241,0.4140562938582981,1.1411451560290273,0.08010265991894366,19.330638256936023,0.10505936731883178,0.5971896955503513,0.00484777669437596,427
left,16.0,0.09575299105543722,24.92966843991425,0.4313703738414711,1.221247815947971,0.08064282515393767,19.53886536429704,0.10908905743889563,0.5550351288056206,0.003616771318315064,427
left,17.0,0.10389806054515079,25.970295224870956,0.449027382936634,1.3018906411019087,0.08622640734254895,18.78752885726385,0.11219152366738129,0.5245901639344263,0.002247289695561072,427
left,18.0,0.11410272735622504,27.18376347499374,0.46951943363741355,1.3881170484444576,0.08139001206435978,19.278222480075126,0.11647580521272831,0.4519906323185012,-0.0001742521549555401,427
left,19.0,0.12143329951467224,28.081425235757226,0.48470537402869945,1.4695070605088174,0.08299677535472764,19.32645025428858,0.11318840207728345,0.44028103044496486,-0.001302455292373407,427
left,20.0,0.1291559120810283,29.013868608854413,0.5004629706331383,1.552503835863545,0.08683570053873352,18.00002760840881,0.11361878250117045,0.4332552693208431,-0.0027271859539755613,427
left,21.0,0.13945751768085382,30.229362867475952,0.5209765602470282,1.6393395364022785,0.0855892291445224,17.13298138329097,0.11132841451699896,0.3700234192037471,-0.0049080900341900505,427
left,22.0,0.15003615938807538,31.429887320453723,0.5411758875818945,1.7249287655468009,0.08707570497478757,17.495680449307244,0.11544951715395378,0.3372365339578454,-0.006996163858462832,427
left,23.0,0.1594536801411899,32.470615413764044,0.5586516820156043,1.8120044705215885,0.08814165646109982,17.64339213557625,0.1179596203481844,0.30679156908665106,-0.009023095461467949,427
left,24.0,0.16888096586602633,33.49221686959546,0.5757783551545557,1.9001461269826883,0.0859210940919799,17.687928944896342,0.11858168398782576,0.2857142857142857,-0.010924616100079002,427
left,25.0,0.1757029301947118,34.225815163284054,0.5880710241107807,1.9860672210746682,0.08633822884052922,18.22708742340243,0.11862938999431753,0.27400468384074944,-0.01203348779008316,427
left,26.0,0.1827794560503904,34.94836431141481,0.6001136722413941,2.0724054499151974,0.08515241373094798,18.77161906208157,0.12142248692501345,0.2646370023419204,-0.01253295042475716,427
left,27.0,0.1896479357321871,35.6255104994048,0.6113566277457065,2.1575578636461454,0.0850286700389843,18.97855697510282,0.12069278167652302,0.25526932084309134,-0.013125875934225614,427
left,28.0,0.19347365678613024,36.01653811077323,0.6178767501051587,2.2425865336851296,0.08478503912443021,18.78098406289937,0.11946490696637915,0.24824355971896955,-0.013202123117111886,427
left,29.0,0.19626225911482156,36.29921746533146,0.6225849663624998,2.32737157280956,0.0871865728944191,18.67463971849546,0.12173078973413351,0.25526932084309134,-0.012372222242645692,427
left,30.0,0.20100732416403097,36.73464738010523,0.6297502260157878,2.414558145703979,0.08562569510392339,18.88615397986563,0.12399543294861948,0.23185011709601874,-0.012856037750735495,427
left,31.0,0.2036803529469135,36.993810577749926,0.6340423308016265,2.5001838408079022,0.08897623434593024,18.56968478365841,0.12362678792214227,0.22950819672131148,-0.013306213067342861,427
left,32.0,0.20631376948792146,37.25153747487124,0.6383157780773466,2.5891600751538326,0.08594012956638805,18.421695788385566,0.12347482886400937,0.22014051522248243,-0.01418471810968475,427
left,33.0,0.20989356093998535,37.600217783478996,0.6440963031117755,2.675100204720221,0.08847343621544312,18.58540018309017,0.12433425570888318,0.2224824355971897,-0.01516760958999884,427
left,34.0,0.21220014762543404,37.83831706259234,0.6480772756301826,2.7635736409356637,0.08913181942889785,18.48453682887776,0.12733753282027166,0.20608899297423888,-0.01574233711742964,427
left,35.0,0.21365149727470703,37.966843142721636,0.6501822000504657,2.852705460364562,0.09359760641772519,18.200224533168164,0.1331110738514458,0.2107728337236534,-0.01613253690040642,427
left,36.0,0.21940441907708483,38.48307524687792,0.6586504981305616,2.9463030667822867,0.09472856801483057,17.304501539801525,0.1345966709755902,0.19672131147540983,-0.017227774202404872,427
left,37.0,0.22372316127638628,38.877660058979686,0.665137597073995,3.0410316347971174,0.09987449748943227,16.751072371605122,0.13912754345344994,0.18969555035128804,-0.017504887363112225,427
left,38.0,0.22424453427138316,38.91737822682293,0.6657689737910688,3.14090613228655,0.09614443551286601,16.335441608454392,0.13836356927695262,0.20140515222482436,-0.01584043240379673,427
left,39.0,0.2261128876471687,39.082040103313794,0.6684603249300838,3.237050567799416,0.09935070356175268,16.660348175138783,0.13936509799203492,0.19672131147540983,-0.0158219111328661,427
left,40.0,0.23346384529207573,39.70138563651949,0.6785122170800069,3.3364012713611686,0.09534553785653528,17.32845391841374,0.14317329175578347,0.1920374707259953,-0.01743986413964622,427
left,41.0,0.23497789330448982,39.8476695612387,0.6809398509579464,3.431746809217704,0.09779015119761159,17.0889790696939,0.1395673933995133,0.18266978922716628,-0.01754025776436513,427
left,42.0,0.23851569656465874,40.17852561200252,0.6864009354376961,3.5295369604153155,0.09389433789937222,16.925606754681656,0.13830315018077086,0.15456674473067916,-0.01870209383462017,427
left,43.0,0.24344007499882434,40.57883565933978,0.6928506997485909,3.6234312983146877,0.09249419274039794,16.795985942179833,0.1302816271956408,0.16627634660421545,-0.019392448789341946,427
left,44.0,0.24808769078109527,40.969180131684425,0.6991806958542496,3.7159254910550854,0.08876931365465951,18.251016782578823,0.13209239131742673,0.1522248243559719,-0.020418832117835586,427
left,45.0,0.2535787036323994,41.42266531682964,0.7065065199513625,3.804694804709745,0.08544585835493979,18.79618226506951,0.12621721730020063,0.13348946135831383,-0.021150469919557595,427
left,46.0,0.25830348467659336,41.814255698782496,0.7128359009566296,3.8901406630646846,0.08364789689557335,19.477014145813516,0.12302238970506386,0.13114754098360656,-0.02168229354907534,427
left,47.0,0.2647582109694738,42.364633113494804,0.7217807533869419,3.973788559960258,0.08528856185441554,19.017773273536907,0.11924229902531559,0.11943793911007025,-0.02329653906319683,427
left,48.0,0.271290088565344,42.910121028819745,0.7306096125263241,4.059077121814673,0.08638450265175006,19.526902929941826,0.1261328817530594,0.12646370023419204,-0.02489432783260837,427
left,49.0,0.2740327870817877,43.154213420680314,0.7346083432505784,4.1454616244664235,0.0887348039176062,18.175517868765784,0.1229809500817951,0.1288056206088993,-0.024566105992230095,427
left,50.0,0.2762919674154188,43.37240606392854,0.7382332188463323,4.23419642838403,0.08839702562579506,18.476370198619346,0.12706365575904868,0.11241217798594848,-0.024992653580962636,427
left,51.0,0.2812703373281403,43.79405229376407,0.7450821839395116,4.322593454009825,0.08672257268526515,18.670219383518408,0.1261583711664068,0.12177985948477751,-0.02591582176556911,427
left,52.0,0.28362973317050266,43.9937714882701,0.748326730811903,4.40931602669509,0.0889697646159478,18.401365096971542,0.12493272567172241,0.11007025761124122,-0.02562386034802475,427
left,53.0,0.2832118198799026,43.97664211728813,0.7481062884073905,4.498285791311038,0.08750082534984348,18.83376633767457,0.12911641744316601,0.117096018735363,-0.02460500604933263,427
left,54.0,0.28801232855548903,44.367720079086986,0.7544086229326574,4.585786616660881,0.0948281396852165,18.55569706981351,0.13511052539253682,0.117096018735363,-0.02504505764963476,427
left,55.0,0.29054178859366747,44.57765749410947,0.7577999031794993,4.680614756346098,0.09424865096632994,17.752856827847314,0.13957080742305,0.11241217798594848,-0.026086302635541285,427
left,56.0,0.2950899298073816,44.97963772668771,0.7643867598484495,4.774863407312428,0.09280187187310683,18.684905371727147,0.14131027692165532,0.117096018735363,-0.02656504281510793,427
left,57.0,0.30178813381552416,45.50303441300046,0.7727451064826734,4.867665279185535,0.0975195591444852,17.37479845404404,0.13798678662863492,0.09836065573770492,-0.02757314915400199,427
left,58.0,0.30713340870390454,45.907491541020484,0.7791549917964802,4.9651848383300194,0.09156230102517846,17.037292348633354,0.13234139436232123,0.10070257611241218,-0.028722738075033005,427
left,59.0,0.31437208445904125,46.45764861453054,0.787879014182705,5.056747139355198,0.09104655450100921,18.160937296569198,0.1330994002573384,0.09601873536299765,-0.030577706508949153,427
left,60.0,0.3151499952867941,46.538315578701905,0.7892431244079625,5.147793693856207,0.09313884058168956,18.090440791116553,0.13466016157798522,0.0936768149882904,-0.030423588160887815,427
left,61.0,0.3171496980363368,46.72001114606299,0.7922384426242015,5.240932534437897,0.09450117579772545,17.321100734723508,0.13419111168984788,0.10304449648711944,-0.030822519675350858,427
left,62.0,0.319000490097028,46.872836995180656,0.7947144758226721,5.335433710235622,0.09299039606886111,17.424526137620404,0.13321497952630984,0.09836065573770492,-0.030166872212144195,427
left,63.0,0.3191643739751686,46.90539125536309,0.7953134335455347,5.428424106304484,0.08704954109196082,17.88597929212178,0.12752965410224726,0.07494145199063232,-0.03051503383024515,427
left,64.0,0.3203607846478947,47.00523371104613,0.7969325786452104,5.515473647396444,0.093968466107474,18.455739570223987,0.1327044281942783,0.08196721311475409,-0.029296729827094692,427
left,65.0,0.3245694553544985,47.30833477047065,0.801671168145307,5.609442113503919,0.08885540017548434,17.823092363809064,0.13079234774484008,0.0702576112412178,-0.02922678468378143,427
left,66.0,0.3265207419629957,47.460972296828686,0.8041101720629029,5.698297513679403,0.09239738133563649,18.54124337201675,0.13243654769882385,0.07494145199063232,-0.02989897459954791,427
left,67.0,0.3293936101837516,47.66184382918847,0.8072171593717445,5.790694895015039,0.09252054379507027,19.09386985118327,0.13991288603468857,0.07962529274004684,-0.030400236680301066,427
left,68.0,0.32870005723743306,47.621166139910876,0.8066175053772937,5.88321543881011,0.10096387472658024,17.340323783642294,0.14222999822688606,0.07494145199063232,-0.031240226932096816,427
left,69.0,0.3325554729903889,47.91896983555385,0.8113606976960247,5.98417931353669,0.09355212382501127,16.814355199951475,0.14006945202934099,0.0585480093676815,-0.033166549384454375,427
left,70.0,0.33941336454217275,48.418701377350494,0.8191934232131101,6.077731437361701,0.08968814120429461,18.181073964077633,0.13421732647915913,0.05152224824355972,-0.03541724673478888,427
left,71.0,0.3418716121054924,48.59301210175633,0.8219021332626879,6.167419578565996,0.09061222874169048,18.758846087381762,0.13417369003388027,0.05152224824355972,-0.03613236553495885,427
left,72.0,0.35112941027804334,49.27753286786046,0.8326691119676451,6.258031807307686,0.08793003840559539,19.112203451762657,0.13314490276770513,0.05620608899297424,-0.038572195542221605,427
left,73.0,0.355953969358002,49.64439094597059,0.838484851063275,6.345961845713282,0.09096512597150211,18.89341539658699,0.13146545160430936,0.05152224824355972,-0.0396198147353858,427
left,74.0,0.35980277974376634,49.95518353392983,0.8434910379193148,6.436926971684784,0.10006081682806552,17.00710230903178,0.13534605496102808,0.04918032786885246,-0.038713678403537226,427
left,75.0,0.35882923628183944,49.915117598808344,0.8430051992034465,6.53698778851285,0.09755212518733335,16.964385480920498,0.14092587170123497,0.053864168618266976,-0.036554063092350125,427
left,76.0,0.3584248088561958,49.9130797196328,0.8430974396944605,6.634539913700182,0.09666561944283703,17.18449648407786,0.14145363905669933,0.03981264637002342,-0.03663036485466522,427
left,77.0,0.364186165204372,50.352946207729936,0.8500784110687934,6.73120553314302,0.09947853791909139,18.0919385280875,0.14842729731103016,0.04918032786885246,-0.037035988700473615,427
left,78.0,0.3627188810140802,50.258545958186204,0.8486593166056505,6.830684071062111,0.10087081492470634,16.887223171978512,0.1473375300089425,0.053864168618266976,-0.03786581601136183,427
left,79.0,0.3667813905229055,50.56874870639774,0.8535868935897702,6.9315548859868175,0.1093584557676762,17.01177473376944,0.16143347071680028,0.0468384074941452,-0.03973955851248891,427
left,80.0,0.3694756265546455,50.77693618488535,0.8569051017526721,7.040913341754494,0.11188130975816513,16.245452907649028,0.17060810170491908,0.04918032786885246,-0.040523865881792555,427
left,81.0,0.38046050937170167,51.571472578919746,0.8693269916943142,7.152794651512658,0.11300563290540731,15.1827647075611,0.16532688989223307,0.04215456674473068,-0.04331021377297699,427
left,82.0,0.3925192367276766,52.43496963179363,0.8827811376272375,7.265800284418066,0.10558742889371074,16.058903224532937,0.16568247270737654,0.03044496487119438,-0.047319938483227054,427
left,83.0,0.3998502631098102,52.96236393769954,0.8910152247694673,7.371387713311776,0.10073132754523804,16.400549914034404,0.15170641238223195,0.03044496487119438,-0.05181496030273706,427
left,84.0,0.4025877976585049,53.16854922721202,0.8942778371536201,7.472119040857015,0.09445316699579952,17.419043831114415,0.144701004464537,0.03981264637002342,-0.05358342774020425,427
left,85.0,0.4094393610675106,53.67450710537841,0.9022425862609363,7.566572207852814,0.10007769847397782,17.048695818988325,0.14027106156463645,0.02576112412177986,-0.05634683377569676,427
left,86.0,0.41125392509009295,53.822812055815575,0.9046474993926858,7.666649906326792,0.09408692164952917,17.264770888452833,0.1418297337738915,0.02810304449648712,-0.057149776251031306,427
left,87.0,0.41650024649689293,54.2043556463523,0.9106250296431906,7.760736827976321,0.10123652842689733,17.30966366369039,0.14188354514731177,0.02810304449648712,-0.06024283966359266,427
left,88.0,0.42282003359716447,54.659402708817424,0.9177305782148375,7.861973356403219,0.09525485618576512,16.658208537835414,0.13897684677144123,0.02107728337236534,-0.0633570478587854,427
left,89.0,0.42937474549514626,55.12856930592021,0.9250450550253553,7.9572282125889835,0.11642606584333424,16.21650489701206,0.15734601293012185,0.01405152224824356,-0.06776857417975432,427
left,90.0,0.43236760931216023,55.347662369596314,0.9284838048579821,8.073654278432318,0.11973834710426856,14.66265463578293,0.16631374604110138,0.01639344262295082,-0.0723500735447055,427
left,91.0,0.4335673952549347,55.42881413086795,0.9296952093792185,8.193392625536587,0.11974640406964814,15.543449130353954,0.18859838299994167,0.01873536299765808,-0.07394472961543036,427
left,92.0,0.4413840755366609,55.97382276119616,0.9381143128285643,8.313139029606235,0.15274320225246618,11.113095417586845,0.18174372950189285,0.01405152224824356,-0.07787385760900288,427
left,93.0,0.459482771870124,57.21048261298508,0.9570516379990678,8.4658822318587,0.13406873934965502,13.493417629427011,0.23211725035233016,0.0117096018735363,-0.08496544979495242,427
left,94.0,0.45962554774742215,57.2044298140729,0.9568549693328714,8.599950971208356,0.11327943722313964,13.111370553332662,0.17313597859068833,0.01405152224824356,-0.09305394128558228,427
left,95.0,0.4650368051171582,57.56886354933299,0.9623968150353264,8.713230408431496,0.1108200305100068,14.357155449793167,0.15668785085234208,0.0117096018735363,-0.09792654593180716,427
left,96.0,0.4703160730960498,57.93336311715548,0.9680049674851554,8.824050438941502,0.11345273645407143,13.624035130386462,0.15200189804653932,0.0117096018735363,-0.10494922230617783,427
left,97.0,0.47593094565550115,58.311447733180024,0.9737564121532217,8.937503175395573,0.11439280550429637,14.069152490814313,0.1625947622490711,0.0117096018735363,-0.11054988484611555,427
left,98.0,0.4811765532024571,58.66520033396379,0.9791452474281436,9.05189598089987,0.11832688218397056,13.274190160822918,0.15920325827542736,0.0117096018735363,-0.11672132299990509,427
left,99.0,0.4879562687259647,59.12481280288875,0.9861649595881513,9.17022286308384,0.11731142433800798,13.632909586072799,0.1658972540141827,0.00936768149882904,-0.1248944709535505,427
left,100.0,0.49246130977916497,59.42183735331551,0.990644807837886,9.287534287421849,0.1705401584645624,12.901849639884496,0.2274191940172774,0.00702576112412178,-0.13137335569294611,427
left,101.0,0.48972247802680774,59.237784026099035,0.9878407006241399,9.45807444588641,0.14538393987983952,11.942283671785203,0.24961912874524989,0.00936768149882904,-0.1365831659395745,427
left,102.0,0.4946829116874891,59.56563950478333,0.9927871928002852,9.60345838576625,0.14575773585736054,12.664663514523046,0.22784175758688455,0.00936768149882904,-0.14268152687951607,427
left,103.0,0.5029042728890859,60.11656090693954,1.0011583459181863,9.749216121623611,0.14668112469780362,11.888758183755291,0.21892244899231042,0.00936768149882904,-0.15049049593246513,427
left,104.0,0.504855005746703,60.24209021181915,1.003015274186324,9.895897246321415,0.15369095784160516,11.739262420933066,0.2297082923056091,0.00702576112412178,-0.15633176124068,427
left,105.0,0.5126299241108414,60.75216240626029,1.010687690289294,10.049588204163019,0.1283778163148592,12.084158811423906,0.20406631223281596,0.00468384074941452,-0.15867376247250783,427
left,106.0,0.5178920033385659,61.09484800745229,1.0158132084359608,10.177966020477879,0.1481664851307869,12.347945330728813,0.20585358231840983,0.00702576112412178,-0.1615387657068373,427
left,107.0,0.5235475740053056,61.460959316137526,1.0212733280742476,10.326132505608665,,,,0.00702576112412178,-0.16738050628183038,427
right,1.0,0.005629972635443373,4.898887721939444,0.08541858514260492,0.08541858527565101,0.08541858527565101,33.57742005057876,0.1109460183600317,0.9976580796252927,0.01514468902168006,427
right,2.0,0.007642373966109836,6.230350150017884,0.10863157583562007,0.14992060362245774,0.06450201834680674,27.990098024200883,0.08624392467827931,0.9953161592505855,0.015462798592078324,427
right,3.0,0.010213484389999711,7.5089423896557275,0.1309045082355132,0.21501576723160104,0.0650951636091433,24.80072793012274,0.08414031186117082,0.9953161592505855,0.015437572007994461,427
right,4.0,0.013557068916338668,8.85823654709711,0.15438842236891004,0.2803652912653128,0.06534952403371172,23.159040027289308,0.08579334070954027,0.9953161592505855,0.015271110752427326,427
right,5.0,0.017646325137073596,10.23855893729163,0.1783854513575238,0.3494435267182682,0.06907823545295544,23.120679579261708,0.0907520211325736,0.9953161592505855,0.014530598558921725,427
right,6.0,0.021109922568747812,11.256714817511673,0.19606354526425135,0.41691413043018877,0.06747060371192054,22.716305586264262,0.09194064452214738,0.9718969555035128,0.01385316901798829,427
right,7.0,0.025172137544082533,12.32992716416263,0.21467448069563516,0.48769018104827727,0.07077605061808849,23.128490032060807,0.09523245775134279,0.9508196721311475,0.012805606498092901,427
right,8.0,0.028708110788108594,13.211220147179775,0.22994421338727938,0.5564667044722189,0.0687765234239417,23.185167902450512,0.0978194362804538,0.9344262295081968,0.01180250387839467,427
right,9.0,0.03256425826834292,14.109119367264473,0.24548660766603797,0.6286581048994943,0.0721914004272753,21.79713982022145,0.0999390716191198,0.8899297423887588,0.01119631389265038,427
right,10.0,0.03822044996802087,15.302105895808486,0.26610009886970004,0.7034656818524282,0.07480757695293398,19.576009473786176,0.10103765058503497,0.8454332552693209,0.010411276331550902,427
right,11.0,0.04605063021322603,16.80831718668167,0.2920708625601382,0.7839933627282882,0.08052768087586,19.43863062413885,0.10821949923520066,0.7845433255269321,0.009451201006735237,427
right,12.0,0.05296327609926532,18.07995964715855,0.31396764230672314,0.8640167882875376,0.08002342555924936,19.615922991291324,0.11093261428788061,0.7611241217798594,0.008791722933079097,427
right,13.0,0.06291174790898307,19.742383987060474,0.3425172075315158,0.9454828363273999,0.08146604803986236,19.320832746553684,0.10499005691438425,0.6978922716627635,0.007282049929509397,427
right,14.0,0.07188583760406708,21.1355395495752,0.3663741458181196,1.0229931274490034,0.07751029112160346,20.57126350061459,0.10657088754292952,0.6604215456674473,0.006065404805980745,427
right,15.0,0.07890187228312258,22.180234139641218,0.38423076505822934,1.1008717906912155,0.07787866324221222,19.661116796211672,0.10901749379217485,0.6416861826697893,0.005127618826524435,427
right,16.0,0.08830826064741863,23.466766433358472,0.40613696115217945,1.1835223574483598,0.08265056675714408,18.877807562785744,0.11214485732223446,0.6088992974238876,0.003936226390284733,427
right,17.0,0.09733785748202572,24.637246002358072,0.42599898360372984,1.2660092507844543,0.08248689333609452,19.674998133088515,0.11268947199335981,0.5784543325526932,0.002588290939286386,427
right,18.0,0.10602973328262079,25.735586151864545,0.44460580328728055,1.3463528974557544,0.08034364667130019,19.483403825552905,0.11314498297259455,0.531615925058548,0.0012983907302034543,427
right,19.0,0.11628435883644872,26.988503925135877,0.46577993126049533,1.43024549936217,0.08389260190641573,19.31117834585966,0.11974139603190735,0.5011709601873536,0.00011061491396723085,427
right,20.0,0.12545751980931194,28.10164522622173,0.48457454319441345,1.5154313323321367,0.08518583296996649,19.12844758777651,0.12498302016171695,0.4566744730679157,-0.0011188741031798602,427
right,21.0,0.13599529115600945,29.347154563707267,0.5055710229438138,1.6039333068711172,0.08850197453898066,17.69735348285709,0.12471362936203598,0.44028103044496486,-0.002160294413287411,427
right,22.0,0.14668956266354063,30.571801842236127,0.5261553544071296,1.6953660071406522,0.09143270026953494,17.078234985519003,0.12309073925506873,0.41217798594847777,-0.00355620909072197,427
right,23.0,0.1605530203924246,32.06939370291574,0.5512216179795232,1.78754191748161,0.09217591034095796,17.329842983889055,0.12937292472330691,0.37236533957845436,-0.005424070972469428,427
right,24.0,0.1710521106976815,33.21194134607248,0.5703382252669725,1.880431249041974,0.09288933156036382,17.586070845026494,0.12276718664294942,0.34660421545667447,-0.00697480389887611,427
right,25.0,0.17634809212606462,33.79052296622855,0.5800281794484382,1.9671616187860068,0.08673036974403284,18.349882271976398,0.12419555856207215,0.3325526932084309,-0.007398507354968605,427
right,26.0,0.17702086985250826,33.95602192309199,0.5829367299130147,2.056300244712875,0.08913862592686814,18.32151345840366,0.12833278334810808,0.3442622950819672,-0.006763246355347108,427
right,27.0,0.18995002896221796,35.214622890642154,0.6037603900778769,2.1461261117839596,0.08982586707108473,17.88182327312342,0.12468903119167622,0.30679156908665106,-0.008406345542755841,427
right,28.0,0.19702283197041137,35.91072722620372,0.6152999464605675,2.2350679023400715,0.088941790556112,18.18985981087543,0.1235759338359643,0.28805620608899296,-0.009186511017399594,427
right,29.0,0.20579668691063374,36.753686913840944,0.6292232763571818,2.322500373079797,0.08743247073972532,17.520528372866174,0.12490563987987661,0.2693208430913349,-0.010237258407494502,427
right,30.0,0.2139879162194299,37.587397867957655,0.643078162952106,2.4142532662556135,0.09175289317581636,17.65872543273646,0.12933016397425387,0.2529274004683841,-0.011212689256779762,427
right,31.0,0.21913129691496946,38.16816721699556,0.6528420320578984,2.506001469770782,0.09174820351516894,16.815609949110183,0.1280641286378722,0.234192037470726,-0.011358296005731443,427
right,32.0,0.22281688647192033,38.62872642320548,0.6606757987020166,2.6010136491525264,0.09501217938174408,16.644738444729626,0.12576999262289365,0.24121779859484777,-0.011603013972208706,427
right,33.0,0.22797232977958698,39.1648567834001,0.6696312532212751,2.6922209030802446,0.09120725392771828,17.847948119873916,0.12485720426611933,0.23185011709601874,-0.011836398262050726,427
right,34.0,0.232988677343105,39.60157865216079,0.6767490477556367,2.778885075593459,0.08666417251321415,18.25565468480131,0.12765313030615344,0.2154566744730679,-0.01295863646813243,427
right,35.0,0.2357709184463465,39.85007227555929,0.6808150263385415,2.8701754581266075,0.0912903825331488,17.887607193967234,0.1326380982576265,0.20608899297423888,-0.013165908060810885,427
right,36.0,0.24006340724243772,40.24188543761921,0.687254611795345,2.962459683158725,0.09228422503211739,17.273033314382868,0.13383211746846765,0.20843091334894615,-0.013478298516686683,427
right,37.0,0.24606093924832848,40.75577460295702,0.6956070795550559,3.0577272827861357,0.0952675996274105,17.479387189447188,0.13941745196558553,0.20374707259953162,-0.014246788879189056,427
right,38.0,0.25012377553578,41.143729743689505,0.702025050860099,3.153069668514894,0.09534238572875844,16.494703332906873,0.14016285229832004,0.20140515222482436,-0.014696353352879473,427
right,39.0,0.2630326789771087,42.20946908722996,0.719240060036858,3.254705779047234,0.10163611053233962,15.736010528855095,0.14132252290181868,0.1920374707259953,-0.01740396874291556,427
right,40.0,0.278963387989607,43.47911780221121,0.739603823535057,3.356602959249788,0.10189718020255448,16.487091119670637,0.14330250898973723,0.18032786885245902,-0.019735873443460575,427
right,41.0,0.2830129642676414,43.81444692053337,0.7450238901083587,3.454002791079987,0.09739983183019893,16.667968551951127,0.14392829888807807,0.1686182669789227,-0.020071253843553172,427
right,42.0,0.2908308377589777,44.462864623415946,0.7555147881251029,3.554727319804668,0.10072452872468102,16.664511357277018,0.14845226619575844,0.1592505854800937,-0.02154540596857004,427
right,43.0,0.3019811850241811,45.32147072517341,0.769161443660075,3.6557132618684993,0.10098594206383134,16.904796192691403,0.14559608409988237,0.1522248243559719,-0.02368631393624692,427
right,44.0,0.307084216864941,45.713564763303665,0.7753881940517827,3.7536592196162784,0.0979459577477788,18.164949603219565,0.1427375970002639,0.15690866510538642,-0.024232348597300973,427
right,45.0,0.31191047125733706,46.12297309589609,0.7820367068401265,3.84609377696735,0.09243455735107216,17.940334871878786,0.13658738712097498,0.14988290398126464,-0.024640602166535425,427
right,46.0,0.31836692036175335,46.6522164221949,0.7905764258019539,3.9407119440499354,0.094618167082585,17.82034971735379,0.13918927788245875,0.1405152224824356,-0.026300572260202233,427
right,47.0,0.32378573426038937,47.07274780452112,0.797270052326926,4.03631407923918,0.095602135189244,17.543441305584686,0.14641970851452066,0.1358313817330211,-0.027616130663583652,427
right,48.0,0.32529373358786806,47.22731633599525,0.7998713951479356,4.136668560971927,0.1003544817327476,17.26995821999408,0.14691931717708462,0.13817330210772832,-0.02746520332765244,427
right,49.0,0.32884376333803983,47.48953601292202,0.8039895375662721,4.23405686678884,0.09738830581691282,17.994240201734677,0.13979168829510308,0.1288056206088993,-0.028174208673436972,427
right,50.0,0.33164716981333925,47.72828440253014,0.8078733922726098,4.325987672605563,0.09193080581672297,17.84102993236188,0.14432901662253106,0.12646370023419204,-0.028443040697021842,427
right,51.0,0.33324395493545356,47.86529679041556,0.8101119679645297,4.427605183007723,0.10161751040216073,16.732315970446553,0.14824255735589414,0.13348946135831383,-0.028456114075502133,427
right,52.0,0.3356223466524754,48.07284855898426,0.8135158940277278,4.527729809661538,0.1001246266538142,16.39834877930611,0.1490610133359248,0.11241217798594848,-0.029657952400225385,427
right,53.0,0.33187807834678845,47.81959093259146,0.8096373862907534,4.6335011682641065,0.10577135860256903,16.12768014877439,0.16374381109897648,0.12177985948477751,-0.029832358801392816,427
right,54.0,0.3390224419656347,48.35275966724691,0.81805241456914,4.744899525123908,0.11139835685980125,15.748983494327103,0.16476711360366897,0.11943793911007025,-0.03211122625605563,427
right,55.0,0.3447881810000685,48.76898430549568,0.8245492911171299,4.853789837540191,0.10889031241628269,15.171024927434708,0.1801839956110758,0.1288056206088993,-0.03170320538223767,427
right,56.0,0.3411660583851209,48.53825299354571,0.8210734620306475,4.980862093764407,0.12707225622421683,14.912459253466501,0.17967768857992783,0.12646370023419204,-0.02951631333844723,427
right,57.0,0.34436958232584824,48.78851692682128,0.8250555591505082,5.089374505439271,0.10851241167486413,16.749035185242747,0.16883462315002146,0.11943793911007025,-0.028881333332151104,427
right,58.0,0.3419900634249703,48.631246705245076,0.8226545176684716,5.197609656006185,0.10823515056691349,17.002409490666118,0.15622553009478773,0.12412177985948478,-0.027409243779104264,427
right,59.0,0.3475976157802609,49.05176753238437,0.8292945178107858,5.295609692301365,0.09800003629518057,16.9932755045988,0.14847633659630247,0.11007025761124122,-0.02818493946374719,427
right,60.0,0.3504452516937703,49.28174167606255,0.8329971062774122,5.398167717000098,0.10255802469873317,15.74578922681495,0.15819509758393716,0.1053864168618267,-0.027872904123132067,427
right,61.0,0.3510850067719363,49.37158724854088,0.8346030381300968,5.510988295769681,0.11282057876958222,16.597584766247113,0.15701552225708681,0.10304449648711944,-0.027841766349604873,427
right,62.0,0.35277219413315103,49.50656761330241,0.8367712024503347,5.607555079491988,0.09656678372230686,17.187667587849823,0.13703763907212563,0.11007025761124122,-0.027381500678542628,427
right,63.0,0.35901191293216145,49.96820860780095,0.8440459538120296,5.702131001939626,0.09457592244763843,17.390985331637214,0.1439997295236141,0.10304449648711944,-0.028765659700791226,427
right,64.0,0.367846353271806,50.61569394328276,0.8542134287206574,5.8027844021698805,0.10065340023025417,17.137091683296248,0.14773471079400327,0.09133489461358314,-0.03057146519073558,427
right,65.0,0.3706876921709583,50.831706375372214,0.8576356472678709,5.901080927802838,0.09829652563295822,16.894370869885407,0.14157113692869347,0.08196721311475409,-0.03167385630641106,427
right,66.0,0.37655836413559923,51.266592271434064,0.8644830583130169,5.998031727919481,0.09695080011664285,18.210228966693464,0.14256082501358394,0.08665105386416862,-0.03411213701167765,427
right,67.0,0.37900664823116686,51.45146337326014,0.8674102174314459,6.091221084650301,0.09318935673081903,17.532250163864937,0.143956045111951,0.07962529274004684,-0.035110177982607266,427
right,68.0,0.3829515387917012,51.73528849938993,0.8718391754588143,6.192142806015909,0.10092172136560815,16.30989131773026,0.15080175791328349,0.07494145199063232,-0.03704434703049671,427
right,69.0,0.38422922577176777,51.846445856384705,0.8736692110046012,6.296138277118131,0.10399547110222263,18.00530763768535,0.15154929663244399,0.07728337236533958,-0.03905693345661744,427
right,70.0,0.39126469170460937,52.35658475889255,0.8816495649429339,6.389842432142787,0.0937041550246558,17.9518484846707,0.13986947940579622,0.0702576112412178,-0.040903843817163686,427
right,71.0,0.39756903031391616,52.81240432882197,0.8887738764146452,6.48519618518921,0.09535375304642271,17.601337396600677,0.1424837264928103,0.05620608899297424,-0.041419632820111525,427
right,72.0,0.405591966536341,53.39026984007074,0.8977917323905356,6.582606994359376,0.09741080917016684,18.245564956608145,0.14549392018580604,0.053864168618266976,-0.044562452501100455,427
right,73.0,0.41159863829333554,53.82104732504494,0.9045068797517996,6.67688950507376,0.09428251071438298,17.76846646032323,0.14559809730957488,0.05152224824355972,-0.04583422305712376,427
right,74.0,0.4187348916324017,54.324326544232335,0.9123102768522794,6.777757538183739,0.10086803310997872,17.03047072171253,0.1635487734643302,0.0468384074941452,-0.049032316623861955,427
right,75.0,0.42752184786897074,54.93589707671619,0.9217439127750084,6.889211654412262,0.11145411622852297,16.086018660264518,0.15579113369454264,0.0468384074941452,-0.051647418067382704,427
right,76.0,0.4367376246273657,55.57775993257831,0.9316447180383937,6.9894710292568565,0.1002593748445952,17.05268646079582,0.14813306908487436,0.05152224824355972,-0.056162973547428496,427
right,77.0,0.44177291669666907,55.94199209637608,0.9373397309272016,7.089717908675152,0.10024687941829549,16.82042713125187,0.14781214492242845,0.04449648711943794,-0.05934170272367062,427
right,78.0,0.44406961347794366,56.10908271557274,0.939956469753587,7.1915338135213185,0.10181590484616627,16.57477297144091,0.15206996175248952,0.03981264637002342,-0.05966530618120412,427
right,79.0,0.45043720657429037,56.54838340455531,0.9467092452339602,7.295993715465785,0.10445990194446589,16.73588067538255,0.163419601509666,0.04449648711943794,-0.060996267988196025,427
right,80.0,0.45364049209643864,56.7754750932966,0.9502350100309565,7.404470555844173,0.10847684037838942,15.994298497957104,0.16510918010593298,0.04449648711943794,-0.06438547700852923,427
right,81.0,0.46316642616057563,57.43161740626887,0.9603161115277846,7.513959648757213,0.10948909291303967,16.07364362607432,0.15962652551485726,0.03747072599531616,-0.0669486260944563,427
right,82.0,0.4735104140129804,58.12338006691854,0.9708138123608305,7.61957790160146,0.10561825284424654,16.238947381046383,0.16172772600583785,0.0351288056206089,-0.07187333207498948,427
right,83.0,0.47751245440029705,58.39447679899336,0.9749490759690975,7.7298078507084655,0.11022994910700538,15.909294617830676,0.16198516234022672,0.02810304449648712,-0.07561610405283176,427
right,84.0,0.48209680313248826,58.70737287534763,0.9797339144858599,7.839427920710514,0.1096200700020483,16.110798444616872,0.16136441802043267,0.0234192037470726,-0.0789942238174501,427
right,85.0,0.4860187749393651,58.9791512500486,0.9839210235262922,7.94742872367288,0.10800080296236682,15.66399916130714,0.15872007121595902,0.0234192037470726,-0.08201824718392704,427
right,86.0,0.49538236298103244,59.60584480589391,0.99342251787141,8.055064032602383,0.1076353089295031,16.432125516617493,0.16012364114684857,0.01873536299765808,-0.08371039987727127,427
right,87.0,0.4999310349133869,59.91068266928894,0.9980522141523607,8.161261275351762,0.10619724274937944,15.378355202926103,0.1565696840508202,0.02576112412177986,-0.08600107805511154,427
right,88.0,0.5024213649908329,60.079114954142156,1.0006168635444284,8.271075720715595,0.10981444536383314,14.149816135350589,0.15457718498324344,0.02107728337236534,-0.0866597549557965,427
right,89.0,0.5046923121467966,60.23621973220861,1.0030332345873187,8.384983175839853,0.1139074551242576,15.145310067935062,0.1590786370551279,0.02107728337236534,-0.0875273950624801,427
right,90.0,0.5064416510997388,60.35531445576938,1.0048524046390899,8.491649747359407,0.10666657151955353,14.960065350182099,0.1694436909094348,0.02107728337236534,-0.0892138209638886,427
right,91.0,0.5079320101045613,60.45373771899757,1.0063148068320835,8.615141102553409,0.12349135519400134,14.204673166031656,0.17380535485663515,0.01873536299765808,-0.09238465236765998,427
right,92.0,0.509553135418501,60.56168415507332,1.0079460659127604,8.72997226500862,0.11483116245521036,14.373450012847414,0.18296169585589783,0.0117096018735363,-0.09543623379159029,427
right,93.0,0.5207777257825508,61.296196448440014,1.0189618314736342,8.859612940662307,0.12964067565368825,15.113114931651953,0.1932152206954967,0.00936768149882904,-0.10221769603130688,427
right,94.0,0.5227481701893326,61.42486423072547,1.0208881543447597,8.977038262819814,0.11742532215750748,14.737036105740472,0.17464596033096313,0.01639344262295082,-0.10837309223008658,427
right,95.0,0.5258340092956043,61.62580621437948,1.0238945509287456,9.097607626126036,0.12056936330622198,14.405551376439794,0.17244106424706324,0.0117096018735363,-0.11271399339831127,427
right,96.0,0.5311250193895166,61.9727992430783,1.0291063648755434,9.212902466845055,0.11529484071901866,14.60282294672767,0.1692301708096922,0.01405152224824356,-0.11653128733958797,427
right,97.0,0.5409582059053961,62.60900984324113,1.0385932100182116,9.329424987590722,0.11652252074566602,14.908360236737419,0.17131213156345018,0.0117096018735363,-0.1237944556483061,427
right,98.0,0.5452165621784308,62.88453978956164,1.0427006943722799,9.443973887138139,0.11454889954741722,14.218688952272734,0.16776709565652898,0.0117096018735363,-0.12945959090628167,427
right,99.0,0.5489583737118741,63.12794155147651,1.0463423818280044,9.562702243438807,0.1187283563006678,13.968531618470049,0.1834505845986708,0.00936768149882904,-0.13203660508648293,427
right,100.0,0.5484729247294209,63.097176160968715,1.0458888189574873,9.690246870014947,0.12754462657614113,12.51096178705703,0.18724936555713345,0.0117096018735363,-0.13431388356088195,427
right,101.0,0.5508205688250987,63.24937259397127,1.0481591527579261,9.831397312981201,0.14115044296625348,13.432289975984789,0.19876412363325963,0.00936768149882904,-0.14195705859527097,427
right,102.0,0.5549570859455671,63.51597445128394,1.0521256351359276,9.956639441774954,0.12524212879375216,13.810661798969155,0.19837796916657366,0.00936768149882904,-0.14754364927423644,427
right,103.0,0.5622705725093636,63.98438626541745,1.0590744650894361,10.095372667944002,0.13873322616904904,13.897273379136363,0.19739841795428295,0.00936768149882904,-0.15601640782674525,427
right,104.0,0.5672212438505204,64.30044242983959,1.0637444828656575,10.222260553723494,0.12688788577949137,14.33736192552283,0.19016029861967235,0.00936768149882904,-0.16156283568861335,427
right,105.0,0.5717356258030518,64.59006249206686,1.068048690884119,10.354063420669902,0.13180286694640855,15.162244984487034,0.18896642789698317,0.00702576112412178,-0.16594028033193994,427
right,106.0,0.5758823889200805,64.85151348069346,1.0718900880992273,10.477112456787578,0.12304903611767627,16.849270176091938,0.1745580644357679,0.00936768149882904,-0.16899493985767944,427
right,107.0,0.5758141979959028,64.84907935542302,1.0718683308684016,10.596588903726177,0.11947644693859846,,,0.0117096018735363,-0.16787734048427966,427
