expression,side,n_sequences,AB_n,AC_n,CB_n,primary_eligible,A_before_B_percent,A_before_C_percent,C_before_B_percent,median_A_distance,median_C_distance,median_B_distance,median_A_B_lead,mean_A_B_lead,positive_lead_percent
+10,left,2,2,2,2,False,100.0,100.0,100.0,6.5,22.0,39.0,32.5,32.5,100.0
+10,right,2,2,2,2,False,100.0,100.0,100.0,3.5,34.5,37.0,33.5,33.5,100.0
+20,left,2,2,2,2,False,100.0,100.0,100.0,6.0,13.0,15.5,9.5,9.5,100.0
+20,right,2,2,2,2,False,100.0,100.0,100.0,4.5,16.0,20.0,15.5,15.5,100.0
+20_ZMouth Open Horizontal And Vertical,left,2,2,2,2,False,100.0,100.0,100.0,10.0,37.5,38.5,28.5,28.5,100.0
+20_ZMouth Open Horizontal And Vertical,right,2,2,2,2,False,100.0,100.0,0.0,7.5,39.5,39.5,32.0,32.0,100.0
+30,left,2,2,2,2,False,100.0,100.0,50.0,7.5,45.5,49.5,42.0,42.0,100.0
+30,right,2,2,2,2,False,100.0,100.0,100.0,6.0,39.5,52.5,46.5,46.5,100.0
+40,left,2,2,2,2,False,100.0,100.0,50.0,8.0,40.0,42.0,34.0,34.0,100.0
+40,right,2,2,2,2,False,100.0,100.0,50.0,5.5,45.5,46.0,40.5,40.5,100.0
+50,left,2,2,2,2,False,100.0,100.0,0.0,7.5,48.0,48.0,40.5,40.5,100.0
+50,right,2,2,2,2,False,100.0,100.0,50.0,6.5,45.5,47.0,40.5,40.5,100.0
+50_ZMouth Open Horizontal And Vertical,left,2,2,2,2,False,100.0,100.0,50.0,8.0,54.0,54.5,46.5,46.5,100.0
+50_ZMouth Open Horizontal And Vertical,right,2,2,2,2,False,100.0,100.0,0.0,6.0,59.0,59.0,53.0,53.0,100.0
-10,left,2,2,2,2,False,100.0,100.0,50.0,7.5,18.5,19.0,11.5,11.5,100.0
-10,right,2,2,2,2,False,100.0,100.0,50.0,4.0,19.5,36.5,32.5,32.5,100.0
-10_ZMouth Open Horizontal And Vertical,left,2,2,2,2,False,100.0,100.0,0.0,8.5,22.0,22.0,13.5,13.5,100.0
-10_ZMouth Open Horizontal And Vertical,right,2,2,2,2,False,100.0,100.0,50.0,7.5,21.0,21.5,14.0,14.0,100.0
-20,left,2,2,2,2,False,100.0,100.0,50.0,8.5,20.0,20.5,12.0,12.0,100.0
-20,right,2,2,2,2,False,100.0,100.0,50.0,3.0,22.5,24.0,21.0,21.0,100.0
-20_ZMouth Open Horizontal And Vertical,left,2,2,2,2,False,100.0,100.0,100.0,8.0,45.5,48.5,40.5,40.5,100.0
-20_ZMouth Open Horizontal And Vertical,right,2,2,2,2,False,100.0,100.0,100.0,8.5,44.5,45.5,37.0,37.0,100.0
-30,left,2,2,2,2,False,50.0,50.0,50.0,7.0,31.5,33.0,26.0,26.0,50.0
-30,right,2,2,2,2,False,100.0,100.0,100.0,4.0,33.5,35.0,31.0,31.0,100.0
-40,left,2,2,2,2,False,100.0,100.0,0.0,8.0,45.0,45.0,37.0,37.0,100.0
-40,right,2,2,2,2,False,100.0,100.0,50.0,8.5,43.5,44.0,35.5,35.5,100.0
-50,left,2,2,2,2,False,100.0,100.0,50.0,8.5,45.5,47.0,38.5,38.5,100.0
-50,right,2,2,2,2,False,100.0,100.0,0.0,5.0,41.5,41.5,36.5,36.5,100.0
-60,left,2,2,2,2,False,100.0,100.0,0.0,5.5,21.0,21.0,15.5,15.5,100.0
-60,right,2,2,2,2,False,100.0,100.0,0.0,5.5,24.5,24.5,19.0,19.0,100.0
0,left,2,2,2,2,False,100.0,100.0,0.0,7.5,22.5,22.5,15.0,15.0,100.0
0,right,2,2,2,2,False,100.0,100.0,50.0,3.0,23.5,24.0,21.0,21.0,100.0
Angry,left,10,10,10,10,True,100.0,70.0,90.0,7.0,12.5,23.5,14.5,17.5,100.0
Angry,right,10,10,10,10,True,100.0,80.0,90.0,8.5,17.0,22.0,14.0,15.8,100.0
Anguish,left,2,2,2,2,False,100.0,100.0,50.0,6.5,10.0,10.5,4.0,4.0,100.0
Anguish,right,2,2,2,2,False,100.0,100.0,50.0,6.5,15.5,23.5,17.0,17.0,100.0
Animosity Growl,left,2,2,2,2,False,50.0,50.0,100.0,6.5,30.5,32.0,25.5,25.5,50.0
Animosity Growl,right,2,2,2,2,False,100.0,50.0,50.0,2.5,32.0,42.5,40.0,40.0,100.0
Animosity Rebellious,left,2,2,2,2,False,100.0,100.0,50.0,7.0,35.0,37.0,30.0,30.0,100.0
Animosity Rebellious,right,2,2,2,2,False,100.0,100.0,0.0,4.5,37.0,37.0,32.5,32.5,100.0
Bored,left,9,9,9,9,True,100.0,55.55555555555556,77.77777777777779,7.0,9.0,11.0,5.0,4.333333333333333,100.0
Bored,right,9,9,9,9,True,77.77777777777779,66.66666666666666,88.88888888888889,7.0,12.0,13.0,6.0,9.88888888888889,77.77777777777779
BreathTaking Over The Moon,left,2,2,2,2,False,50.0,50.0,100.0,8.0,29.0,34.5,26.5,26.5,50.0
BreathTaking Over The Moon,right,2,2,2,2,False,100.0,50.0,100.0,3.0,32.0,45.5,42.5,42.5,100.0
Chewing,left,2,2,2,2,False,100.0,100.0,100.0,7.5,11.5,13.5,6.0,6.0,100.0
Chewing,right,2,2,2,2,False,100.0,100.0,0.0,9.0,18.5,18.5,9.5,9.5,100.0
Choking,left,2,2,2,2,False,100.0,100.0,50.0,8.5,19.0,22.5,14.0,14.0,100.0
Choking,right,2,2,2,2,False,100.0,100.0,0.0,7.5,19.5,19.5,12.0,12.0,100.0
Coughing,left,2,2,2,2,False,50.0,50.0,50.0,9.0,35.5,36.0,27.0,27.0,50.0
Coughing,right,2,2,2,2,False,100.0,100.0,50.0,8.0,36.5,39.5,31.5,31.5,100.0
Crazed,left,2,2,2,2,False,100.0,100.0,0.0,8.0,40.0,40.0,32.0,32.0,100.0
Crazed,right,2,2,2,2,False,100.0,100.0,50.0,5.0,58.5,59.0,54.0,54.0,100.0
Crying,left,2,2,2,2,False,100.0,100.0,50.0,6.5,9.5,11.0,4.5,4.5,100.0
Crying,right,2,2,2,2,False,100.0,0.0,100.0,7.5,7.0,12.0,4.5,4.5,100.0
Cute,left,10,10,10,10,True,100.0,70.0,90.0,7.0,10.5,12.5,6.5,6.6,100.0
Cute,right,10,10,10,10,True,80.0,60.0,90.0,9.5,11.0,15.5,6.0,7.3,80.0
Despise,left,10,10,10,10,True,90.0,80.0,70.0,8.0,19.5,20.5,12.0,10.3,90.0
Despise,right,10,10,10,10,True,80.0,70.0,80.0,9.0,12.0,14.5,7.5,11.6,80.0
Determined,left,2,2,2,2,False,100.0,50.0,50.0,7.0,9.5,13.5,6.5,6.5,100.0
Determined,right,2,2,2,2,False,100.0,100.0,50.0,4.0,15.0,16.0,12.0,12.0,100.0
Distrust,left,10,10,10,10,True,90.0,40.0,100.0,7.0,6.5,9.5,2.0,4.3,90.0
Distrust,right,10,10,10,10,True,80.0,60.0,90.0,9.5,10.5,12.0,2.5,4.3,80.0
Empathy,left,10,10,10,10,True,90.0,30.0,90.0,7.5,8.0,10.0,3.0,3.4,90.0
Empathy,right,10,10,10,10,True,80.0,70.0,70.0,9.0,13.5,14.5,6.0,6.4,80.0
Expressions Anger,left,10,10,10,10,True,100.0,90.0,60.0,9.0,19.5,20.0,11.5,10.8,100.0
Expressions Anger,right,10,10,10,10,True,80.0,70.0,80.0,13.0,14.5,18.0,3.5,5.3,80.0
Expressions Confusion,left,10,10,10,10,True,90.0,70.0,80.0,7.5,12.5,14.5,6.5,8.6,90.0
Expressions Confusion,right,10,10,10,10,True,70.0,60.0,50.0,14.0,16.0,19.0,3.0,3.8,70.0
Expressions Contempt,left,10,10,10,10,True,90.0,60.0,70.0,7.5,14.0,20.5,12.5,10.1,90.0
Expressions Contempt,right,10,10,10,10,True,70.0,70.0,80.0,14.5,17.5,20.0,6.0,14.4,70.0
Expressions Desire,left,10,10,10,10,True,90.0,70.0,70.0,7.5,16.0,18.0,9.0,19.0,90.0
Expressions Desire,right,10,10,10,10,True,90.0,80.0,60.0,10.5,15.5,17.5,5.5,8.5,90.0
Expressions Disgust,left,10,10,10,10,True,100.0,90.0,60.0,7.0,14.5,16.0,10.5,16.3,100.0
Expressions Disgust,right,10,10,10,10,True,90.0,70.0,80.0,11.5,17.0,20.5,7.0,13.7,90.0
Expressions Excitement,left,10,10,10,10,True,100.0,90.0,70.0,8.0,13.5,16.0,8.5,10.9,100.0
Expressions Excitement,right,10,10,10,10,True,70.0,60.0,90.0,14.0,13.5,17.5,4.0,5.0,70.0
Expressions Fear,left,10,10,10,10,True,100.0,80.0,90.0,8.0,13.0,14.5,8.5,7.1,100.0
Expressions Fear,right,10,10,10,10,True,70.0,50.0,80.0,13.5,13.5,19.0,2.0,3.4,70.0
Expressions Happiness,left,10,10,10,10,True,100.0,100.0,80.0,7.5,22.5,25.0,16.5,17.3,100.0
Expressions Happiness,right,10,10,10,10,True,80.0,60.0,80.0,14.5,18.5,21.0,5.5,8.3,80.0
Expressions Sadness,left,10,10,10,10,True,90.0,90.0,70.0,7.0,14.0,15.5,10.0,11.5,90.0
Expressions Sadness,right,10,10,10,10,True,70.0,60.0,80.0,14.5,13.0,17.0,3.0,4.9,70.0
Expressions Surprise,left,10,10,10,10,True,100.0,100.0,70.0,8.0,21.0,23.0,15.5,21.4,100.0
Expressions Surprise,right,10,10,10,10,True,100.0,90.0,90.0,13.5,22.5,25.5,12.0,13.9,100.0
Eyeglasses,left,2,2,2,2,False,100.0,100.0,50.0,4.0,86.5,92.0,88.0,88.0,100.0
Eyeglasses,right,2,2,2,2,False,100.0,100.0,0.0,2.0,93.5,93.5,91.5,91.5,100.0
Fear,left,10,10,10,10,True,100.0,100.0,90.0,8.5,19.5,23.0,14.0,19.9,100.0
Fear,right,10,10,10,10,True,100.0,90.0,60.0,10.0,22.5,24.5,13.5,15.5,100.0
Fierce Cutthroat,left,2,2,2,2,False,100.0,50.0,50.0,8.5,13.5,26.5,18.0,18.0,100.0
Fierce Cutthroat,right,2,2,2,2,False,100.0,100.0,100.0,3.5,12.0,14.5,11.0,11.0,100.0
Fierce Fiery,left,2,2,2,2,False,100.0,100.0,50.0,7.0,18.5,19.0,12.0,12.0,100.0
Fierce Fiery,right,2,2,2,2,False,100.0,100.0,50.0,3.5,15.5,16.0,12.5,12.5,100.0
Fierce Savage,left,2,2,2,2,False,50.0,50.0,0.0,7.0,11.0,11.0,4.0,4.0,50.0
Fierce Savage,right,2,2,2,2,False,100.0,100.0,100.0,2.5,51.5,52.5,50.0,50.0,100.0
Happy,left,10,10,10,10,True,100.0,80.0,90.0,7.5,11.5,17.0,9.0,12.9,100.0
Happy,right,10,10,10,10,True,90.0,80.0,80.0,9.0,13.5,16.5,9.5,8.4,90.0
Happy Elated,left,2,2,2,2,False,100.0,100.0,50.0,8.0,20.0,20.5,12.5,12.5,100.0
Happy Elated,right,2,2,2,2,False,100.0,100.0,50.0,4.5,44.5,45.0,40.5,40.5,100.0
Happy Perky,left,2,2,2,2,False,100.0,100.0,50.0,7.0,21.0,25.5,18.5,18.5,100.0
Happy Perky,right,2,2,2,2,False,100.0,100.0,50.0,1.0,17.5,23.5,22.5,22.5,100.0
Happy So Peaceful,left,2,2,2,2,False,100.0,100.0,50.0,9.0,53.0,55.5,46.5,46.5,100.0
Happy So Peaceful,right,2,2,2,2,False,100.0,100.0,50.0,5.5,55.5,57.0,51.5,51.5,100.0
Humiliated,left,2,2,2,2,False,100.0,100.0,100.0,8.5,12.0,21.0,12.5,12.5,100.0
Humiliated,right,2,2,2,2,False,100.0,100.0,50.0,7.5,22.5,23.5,16.0,16.0,100.0
Insanity Deranged,left,2,2,2,2,False,100.0,100.0,50.0,7.0,29.0,29.5,22.5,22.5,100.0
Insanity Deranged,right,2,2,2,2,False,100.0,100.0,100.0,3.0,55.0,62.5,59.5,59.5,100.0
Insanity Go Cucko,left,1,1,1,1,False,100.0,100.0,100.0,4.0,23.0,30.0,26.0,26.0,100.0
Insanity Go Cucko,right,1,1,1,1,False,100.0,100.0,100.0,1.0,17.0,18.0,17.0,17.0,100.0
Insanity Go Cuckoo,left,1,1,1,1,False,100.0,100.0,0.0,9.0,21.0,21.0,12.0,12.0,100.0
Insanity Go Cuckoo,right,1,1,1,1,False,100.0,100.0,0.0,11.0,25.0,25.0,14.0,14.0,100.0
Insanity Going Crazy,left,2,2,2,2,False,100.0,100.0,50.0,11.0,30.0,30.5,19.5,19.5,100.0
Insanity Going Crazy,right,2,2,2,2,False,100.0,100.0,50.0,8.0,32.5,34.0,26.0,26.0,100.0
Insanity Hostile,left,2,2,2,2,False,100.0,100.0,100.0,8.0,32.5,41.0,33.0,33.0,100.0
Insanity Hostile,right,2,2,2,2,False,100.0,100.0,100.0,5.0,44.5,52.5,47.5,47.5,100.0
Insanity Lunatic,left,2,2,2,2,False,100.0,50.0,100.0,7.0,9.5,12.0,5.0,5.0,100.0
Insanity Lunatic,right,2,2,2,2,False,100.0,100.0,50.0,2.0,28.5,31.0,29.0,29.0,100.0
Joy,left,10,10,10,10,True,100.0,90.0,80.0,9.0,21.0,31.5,25.5,27.0,100.0
Joy,right,10,10,10,10,True,90.0,90.0,80.0,10.0,21.0,23.0,14.5,17.5,90.0
Judgemental,left,10,10,10,10,True,100.0,80.0,60.0,8.0,13.0,15.5,6.5,7.6,100.0
Judgemental,right,10,10,10,10,True,90.0,80.0,90.0,9.0,15.5,18.5,10.0,11.4,90.0
Nervous,left,2,2,2,2,False,100.0,100.0,100.0,7.5,12.5,16.5,9.0,9.0,100.0
Nervous,right,2,2,2,2,False,100.0,50.0,50.0,9.5,11.5,12.5,3.0,3.0,100.0
Pain,left,10,10,10,10,True,100.0,100.0,40.0,7.5,20.5,21.0,12.5,23.7,100.0
Pain,right,10,10,10,10,True,100.0,100.0,40.0,10.0,28.5,33.5,22.5,24.4,100.0
Pain Illness,left,2,2,2,2,False,100.0,100.0,0.0,8.5,31.5,31.5,23.0,23.0,100.0
Pain Illness,right,2,2,2,2,False,100.0,100.0,50.0,2.0,47.0,50.5,48.5,48.5,100.0
Playful,left,10,10,10,10,True,100.0,80.0,80.0,7.5,11.5,12.0,6.0,6.4,100.0
Playful,right,10,10,10,10,True,100.0,80.0,60.0,7.0,14.0,18.0,7.5,10.4,100.0
Pleasure Oo So Funny,left,2,2,2,2,False,100.0,50.0,100.0,7.5,7.5,15.0,7.5,7.5,100.0
Pleasure Oo So Funny,right,2,2,2,2,False,100.0,100.0,100.0,3.5,10.0,12.5,9.0,9.0,100.0
Romantic,left,10,10,10,10,True,100.0,60.0,80.0,8.5,10.0,11.5,3.0,5.5,100.0
Romantic,right,10,10,10,10,True,70.0,60.0,90.0,9.0,8.5,10.0,3.0,6.8,70.0
S Wink,left,2,2,2,2,False,100.0,100.0,100.0,12.0,59.0,61.0,49.0,49.0,100.0
S Wink,right,2,2,2,2,False,100.0,100.0,0.0,11.5,47.0,47.0,35.5,35.5,100.0
Sad,left,10,10,10,10,True,80.0,40.0,90.0,8.0,9.5,11.5,3.0,7.3,80.0
Sad,right,10,10,10,10,True,100.0,60.0,80.0,9.5,10.0,11.5,3.0,10.0,100.0
Scream,left,2,2,2,2,False,100.0,100.0,0.0,7.5,10.5,10.5,3.0,3.0,100.0
Scream,right,2,2,2,2,False,100.0,100.0,50.0,9.5,22.0,23.0,13.5,13.5,100.0
Seriousness,left,10,10,10,10,True,80.0,60.0,90.0,7.5,11.0,15.5,7.0,6.5,80.0
Seriousness,right,10,10,10,10,True,70.0,40.0,100.0,8.0,4.5,11.0,2.5,1.9,70.0
Silly,left,10,10,10,10,True,100.0,100.0,50.0,8.5,23.5,27.5,17.5,18.2,100.0
Silly,right,10,10,10,10,True,100.0,100.0,50.0,9.5,26.0,33.0,21.0,25.7,100.0
Sleepy,left,12,12,12,12,True,91.66666666666666,91.66666666666666,75.0,9.0,17.0,18.5,9.0,21.916666666666668,91.66666666666666
Sleepy,right,12,12,12,12,True,100.0,91.66666666666666,58.333333333333336,9.5,20.5,23.0,12.0,20.833333333333332,100.0
Straining,left,1,1,1,1,False,100.0,0.0,100.0,6.0,5.0,12.0,6.0,6.0,100.0
Straining,right,1,1,1,1,False,100.0,100.0,0.0,1.0,12.0,12.0,11.0,11.0,100.0
Subtle,left,9,9,9,9,True,77.77777777777779,22.22222222222222,100.0,7.0,7.0,9.0,2.0,2.0,77.77777777777779
Subtle,right,9,9,9,9,True,77.77777777777779,44.44444444444444,77.77777777777779,9.0,9.0,10.0,1.0,1.3333333333333333,77.77777777777779
Talking,left,10,10,10,10,True,100.0,100.0,70.0,8.0,11.0,13.0,5.5,9.3,100.0
Talking,right,10,10,10,10,True,100.0,100.0,40.0,10.5,18.0,18.0,8.0,9.6,100.0
Terror,left,2,2,2,2,False,100.0,100.0,100.0,6.5,25.0,29.5,23.0,23.0,100.0
Terror,right,2,2,2,2,False,100.0,100.0,50.0,7.0,29.0,31.5,24.5,24.5,100.0
Terror Phobia,left,2,2,2,2,False,100.0,100.0,0.0,8.5,19.0,19.0,10.5,10.5,100.0
Terror Phobia,right,2,2,2,2,False,100.0,100.0,50.0,6.0,21.5,22.0,16.0,16.0,100.0
Ulgh,left,2,2,2,2,False,100.0,100.0,50.0,6.0,16.0,40.5,34.5,34.5,100.0
Ulgh,right,2,2,2,2,False,100.0,100.0,50.0,8.0,42.0,42.5,34.5,34.5,100.0
Wicked,left,10,10,10,10,True,80.0,80.0,80.0,7.0,16.0,17.5,11.5,11.0,80.0
Wicked,right,10,10,10,10,True,90.0,80.0,100.0,8.0,23.5,27.5,16.5,13.8,90.0
Wink,left,2,2,2,2,False,100.0,100.0,50.0,8.0,63.5,68.0,60.0,60.0,100.0
Wink,right,2,2,2,2,False,100.0,100.0,50.0,10.5,24.0,25.0,14.5,14.5,100.0
With Forehead Wrinkles Angry,left,10,10,10,10,True,100.0,60.0,80.0,7.0,10.5,17.5,10.5,13.4,100.0
With Forehead Wrinkles Angry,right,10,10,10,10,True,90.0,70.0,50.0,8.5,14.5,17.5,9.0,10.9,90.0
ZMouth Open Horizontal,left,2,2,2,2,False,100.0,100.0,100.0,8.0,11.5,12.5,4.5,4.5,100.0
ZMouth Open Horizontal,right,2,2,2,2,False,100.0,100.0,100.0,10.0,13.0,16.0,6.0,6.0,100.0
ZMouth Open Horizontal And Vertical,left,2,2,2,2,False,100.0,100.0,100.0,10.5,27.5,29.5,19.0,19.0,100.0
ZMouth Open Horizontal And Vertical,right,2,2,2,2,False,100.0,100.0,100.0,10.0,23.0,25.5,15.5,15.5,100.0
ZZ_Bearded,left,1,1,1,1,False,100.0,100.0,100.0,5.0,14.0,31.0,26.0,26.0,100.0
ZZ_Bearded,right,1,1,1,1,False,100.0,100.0,0.0,6.0,21.0,21.0,15.0,15.0,100.0
ZZ_Cavalier,left,1,1,1,1,False,100.0,100.0,100.0,6.0,30.0,57.0,51.0,51.0,100.0
ZZ_Cavalier,right,1,1,1,1,False,100.0,100.0,100.0,8.0,36.0,56.0,48.0,48.0,100.0
ZZ_Dapper,left,1,1,1,1,False,100.0,100.0,0.0,6.0,18.0,18.0,12.0,12.0,100.0
ZZ_Dapper,right,1,1,1,1,False,100.0,100.0,100.0,7.0,18.0,19.0,12.0,12.0,100.0
ZZ_Flynn,left,1,1,1,1,False,100.0,100.0,0.0,6.0,21.0,21.0,15.0,15.0,100.0
ZZ_Flynn,right,1,1,1,1,False,100.0,100.0,100.0,8.0,17.0,19.0,11.0,11.0,100.0
ZZ_Franz Josef,left,1,1,1,1,False,100.0,100.0,100.0,6.0,10.0,13.0,7.0,7.0,100.0
ZZ_Franz Josef,right,1,1,1,1,False,100.0,100.0,100.0,6.0,8.0,11.0,5.0,5.0,100.0
ZZ_Friendly Mutton Chops,left,1,1,1,1,False,100.0,100.0,100.0,6.0,26.0,34.0,28.0,28.0,100.0
ZZ_Friendly Mutton Chops,right,1,1,1,1,False,100.0,100.0,100.0,6.0,22.0,23.0,17.0,17.0,100.0
ZZ_Fu Manchu,left,1,1,1,1,False,100.0,100.0,0.0,6.0,15.0,15.0,9.0,9.0,100.0
ZZ_Fu Manchu,right,1,1,1,1,False,100.0,100.0,0.0,8.0,13.0,13.0,5.0,5.0,100.0
ZZ_Fu Manchu Goatee,left,1,1,1,1,False,100.0,100.0,100.0,6.0,21.0,22.0,16.0,16.0,100.0
ZZ_Fu Manchu Goatee,right,1,1,1,1,False,100.0,100.0,0.0,7.0,27.0,27.0,20.0,20.0,100.0
ZZ_Full Beard,left,1,1,1,1,False,100.0,100.0,100.0,8.0,13.0,14.0,6.0,6.0,100.0
ZZ_Full Beard,right,1,1,1,1,False,100.0,100.0,100.0,9.0,12.0,14.0,5.0,5.0,100.0
ZZ_Goatee,left,1,1,1,1,False,100.0,100.0,0.0,6.0,22.0,22.0,16.0,16.0,100.0
ZZ_Goatee,right,1,1,1,1,False,100.0,100.0,100.0,7.0,16.0,18.0,11.0,11.0,100.0
ZZ_Grizzly Beard,left,1,0,0,0,False,,,,,,,,,
ZZ_Grizzly Beard,right,1,0,0,0,False,,,,,,,,,
ZZ_Mutton Chops,left,1,1,1,1,False,100.0,100.0,100.0,5.0,12.0,25.0,20.0,20.0,100.0
ZZ_Mutton Chops,right,1,1,1,1,False,100.0,100.0,100.0,6.0,14.0,18.0,12.0,12.0,100.0
ZZ_Napoleon III,left,1,1,1,1,False,100.0,100.0,100.0,6.0,56.0,57.0,51.0,51.0,100.0
ZZ_Napoleon III,right,1,1,1,1,False,100.0,100.0,0.0,7.0,75.0,75.0,68.0,68.0,100.0
ZZ_Officer,left,1,1,1,1,False,100.0,100.0,100.0,6.0,20.0,21.0,15.0,15.0,100.0
ZZ_Officer,right,1,1,1,1,False,100.0,100.0,100.0,7.0,17.0,18.0,11.0,11.0,100.0
ZZ_Pioneer,left,1,1,1,1,False,100.0,100.0,100.0,6.0,20.0,45.0,39.0,39.0,100.0
ZZ_Pioneer,right,1,1,1,1,False,100.0,100.0,0.0,6.0,43.0,43.0,37.0,37.0,100.0
ZZ_Stubbled,left,1,1,1,1,False,100.0,100.0,100.0,5.0,21.0,22.0,17.0,17.0,100.0
ZZ_Stubbled,right,1,1,1,1,False,100.0,100.0,100.0,7.0,69.0,70.0,63.0,63.0,100.0
