expression,folder,A_left,C_left,B_left,A_right,C_right,B_right,A_distance_left,A_distance_right,C_distance_left,C_distance_right,B_distance_left,B_distance_right,AB_lead_left,AC_lead_left,CB_lead_left,AB_lead_right,AC_lead_right,CB_lead_right
+10,Female_+10,99.0,77.0,45.0,113.0,162.0,165.0,8.0,6.0,30.0,55.0,62.0,58.0,54.0,22.0,32.0,52.0,49.0,3.0
+20,Female_+20,101.0,95.0,93.0,112.0,121.0,128.0,6.0,5.0,12.0,14.0,14.0,21.0,8.0,6.0,2.0,16.0,9.0,7.0
+20_ZMouth Open Horizontal And Vertical,Female_+20_ZMouth Open Horizontal And Vertical,96.0,71.0,70.0,115.0,146.0,146.0,11.0,8.0,36.0,39.0,37.0,39.0,26.0,25.0,1.0,31.0,31.0,0.0
+30,Female_+30,99.0,46.0,38.0,114.0,156.0,179.0,8.0,7.0,61.0,49.0,69.0,72.0,61.0,53.0,8.0,65.0,42.0,23.0
+40,Female_+40,99.0,38.0,38.0,112.0,182.0,182.0,8.0,5.0,69.0,75.0,69.0,75.0,61.0,61.0,0.0,70.0,70.0,0.0
+50,Female_+50,100.0,81.0,81.0,112.0,129.0,129.0,7.0,5.0,26.0,22.0,26.0,22.0,19.0,19.0,0.0,17.0,17.0,0.0
+50_ZMouth Open Horizontal And Vertical,Female_+50_ZMouth Open Horizontal And Vertical,99.0,39.0,39.0,113.0,176.0,176.0,8.0,6.0,68.0,69.0,68.0,69.0,60.0,60.0,0.0,63.0,63.0,0.0
-10,Female_-10,99.0,87.0,87.0,114.0,127.0,127.0,8.0,7.0,20.0,20.0,20.0,20.0,12.0,12.0,0.0,13.0,13.0,0.0
-10_ZMouth Open Horizontal And Vertical,Female_-10_ZMouth Open Horizontal And Vertical,100.0,85.0,85.0,114.0,132.0,132.0,7.0,7.0,22.0,25.0,22.0,25.0,15.0,15.0,0.0,18.0,18.0,0.0
-20,Female_-20,99.0,94.0,93.0,112.0,120.0,120.0,8.0,5.0,13.0,13.0,14.0,13.0,6.0,5.0,1.0,8.0,8.0,0.0
-20_ZMouth Open Horizontal And Vertical,Female_-20_ZMouth Open Horizontal And Vertical,99.0,73.0,72.0,115.0,142.0,143.0,8.0,8.0,34.0,35.0,35.0,36.0,27.0,26.0,1.0,28.0,27.0,1.0
-30,Female_-30,100.0,51.0,48.0,113.0,165.0,166.0,7.0,6.0,56.0,58.0,59.0,59.0,52.0,49.0,3.0,53.0,52.0,1.0
-40,Female_-40,97.0,33.0,33.0,119.0,178.0,178.0,10.0,12.0,74.0,71.0,74.0,71.0,64.0,64.0,0.0,59.0,59.0,0.0
-50,Female_-50,99.0,89.0,89.0,112.0,123.0,123.0,8.0,5.0,18.0,16.0,18.0,16.0,10.0,10.0,0.0,11.0,11.0,0.0
-60,Female_-60,102.0,83.0,83.0,112.0,131.0,131.0,5.0,5.0,24.0,24.0,24.0,24.0,19.0,19.0,0.0,19.0,19.0,0.0
0,Female_0,98.0,77.0,77.0,112.0,138.0,138.0,9.0,5.0,30.0,31.0,30.0,31.0,21.0,21.0,0.0,26.0,26.0,0.0
Angry,Female_Angry 01,100.0,89.0,77.0,117.0,119.0,152.0,7.0,10.0,18.0,12.0,30.0,45.0,23.0,11.0,12.0,35.0,2.0,33.0
Angry,Female_Angry 02,96.0,101.0,38.0,120.0,135.0,136.0,11.0,13.0,6.0,28.0,69.0,29.0,58.0,-5.0,63.0,16.0,15.0,1.0
Angry,Female_Angry 03,98.0,87.0,86.0,117.0,129.0,129.0,9.0,10.0,20.0,22.0,21.0,22.0,12.0,11.0,1.0,12.0,12.0,0.0
Angry,Female_Angry 04,99.0,94.0,93.0,114.0,121.0,126.0,8.0,7.0,13.0,14.0,14.0,19.0,6.0,5.0,1.0,12.0,7.0,5.0
Angry,Female_Angry 05,94.0,78.0,77.0,119.0,128.0,129.0,13.0,12.0,29.0,21.0,30.0,22.0,17.0,16.0,1.0,10.0,9.0,1.0
Anguish,Female_Anguish,100.0,96.0,95.0,114.0,119.0,135.0,7.0,7.0,11.0,12.0,12.0,28.0,5.0,4.0,1.0,21.0,5.0,16.0
Animosity Growl,Female_Animosity Growl,101.0,46.0,44.0,111.0,171.0,171.0,6.0,4.0,61.0,64.0,63.0,64.0,57.0,55.0,2.0,60.0,60.0,0.0
Animosity Rebellious,Female_Animosity Rebellious,100.0,82.0,78.0,113.0,136.0,136.0,7.0,6.0,25.0,29.0,29.0,29.0,22.0,18.0,4.0,23.0,23.0,0.0
Bored,Female_Bored 01,100.0,95.0,94.0,113.0,132.0,136.0,7.0,6.0,12.0,25.0,13.0,29.0,6.0,5.0,1.0,23.0,19.0,4.0
Bored,Female_Bored 02,99.0,94.0,94.0,115.0,121.0,138.0,8.0,8.0,13.0,14.0,13.0,31.0,5.0,5.0,0.0,23.0,6.0,17.0
Bored,Female_Bored 03,99.0,101.0,98.0,118.0,115.0,117.0,8.0,11.0,6.0,8.0,9.0,10.0,1.0,-2.0,3.0,-1.0,-3.0,2.0
Bored,Female_Bored 04,97.0,87.0,86.0,119.0,130.0,138.0,10.0,12.0,20.0,23.0,21.0,31.0,11.0,10.0,1.0,19.0,11.0,8.0
Bored,Female_Bored 05,98.0,98.0,94.0,118.0,118.0,120.0,9.0,11.0,9.0,11.0,13.0,13.0,4.0,0.0,4.0,2.0,0.0,2.0
BreathTaking Over The Moon,Female_BreathTaking Over The Moon,98.0,49.0,43.0,112.0,171.0,193.0,9.0,5.0,58.0,64.0,64.0,86.0,55.0,49.0,6.0,81.0,59.0,22.0
Chewing,Female_Chewing,99.0,93.0,91.0,116.0,133.0,133.0,8.0,9.0,14.0,26.0,16.0,26.0,8.0,6.0,2.0,17.0,17.0,0.0
Choking,Female_Choking,97.0,91.0,84.0,117.0,124.0,124.0,10.0,10.0,16.0,17.0,23.0,17.0,13.0,6.0,7.0,7.0,7.0,0.0
Coughing,Female_Coughing,96.0,42.0,42.0,117.0,172.0,172.0,11.0,10.0,65.0,65.0,65.0,65.0,54.0,54.0,0.0,55.0,55.0,0.0
Crazed,Female_Crazed,98.0,76.0,76.0,115.0,166.0,166.0,9.0,8.0,31.0,59.0,31.0,59.0,22.0,22.0,0.0,51.0,51.0,0.0
Crying,Female_Crying,100.0,98.0,95.0,114.0,113.0,122.0,7.0,7.0,9.0,6.0,12.0,15.0,5.0,2.0,3.0,8.0,-1.0,9.0
Cute,Female_Cute 01,98.0,92.0,90.0,118.0,137.0,137.0,9.0,11.0,15.0,30.0,17.0,30.0,8.0,6.0,2.0,19.0,19.0,0.0
Cute,Female_Cute 02,100.0,107.0,90.0,118.0,107.0,130.0,7.0,11.0,0.0,0.0,17.0,23.0,10.0,-7.0,17.0,12.0,-11.0,23.0
Cute,Female_Cute 03,99.0,92.0,90.0,118.0,127.0,128.0,8.0,11.0,15.0,20.0,17.0,21.0,9.0,7.0,2.0,10.0,9.0,1.0
Cute,Female_Cute 04,100.0,91.0,88.0,118.0,121.0,126.0,7.0,11.0,16.0,14.0,19.0,19.0,12.0,9.0,3.0,8.0,3.0,5.0
Cute,Female_Cute 05,97.0,96.0,95.0,118.0,118.0,119.0,10.0,11.0,11.0,11.0,12.0,12.0,2.0,1.0,1.0,1.0,0.0,1.0
Despise,Female_Despise 01,98.0,88.0,87.0,119.0,115.0,120.0,9.0,12.0,19.0,8.0,20.0,13.0,11.0,10.0,1.0,1.0,-4.0,5.0
Despise,Female_Despise 02,98.0,79.0,78.0,117.0,132.0,134.0,9.0,10.0,28.0,25.0,29.0,27.0,20.0,19.0,1.0,17.0,15.0,2.0
Despise,Female_Despise 03,98.0,87.0,85.0,118.0,128.0,130.0,9.0,11.0,20.0,21.0,22.0,23.0,13.0,11.0,2.0,12.0,10.0,2.0
Despise,Female_Despise 04,98.0,97.0,94.0,117.0,124.0,125.0,9.0,10.0,10.0,17.0,13.0,18.0,4.0,1.0,3.0,8.0,7.0,1.0
Despise,Female_Despise 05,97.0,86.0,84.0,119.0,115.0,119.0,10.0,12.0,21.0,8.0,23.0,12.0,13.0,11.0,2.0,0.0,-4.0,4.0
Determined,Female_Determined,99.0,88.0,88.0,114.0,126.0,128.0,8.0,7.0,19.0,19.0,19.0,21.0,11.0,11.0,0.0,14.0,12.0,2.0
Distrust,Female_Distrust 01,98.0,102.0,96.0,118.0,118.0,120.0,9.0,11.0,5.0,11.0,11.0,13.0,2.0,-4.0,6.0,2.0,0.0,2.0
Distrust,Female_Distrust 02,99.0,100.0,98.0,118.0,111.0,113.0,8.0,11.0,7.0,4.0,9.0,6.0,1.0,-1.0,2.0,-5.0,-7.0,2.0
Distrust,Female_Distrust 03,98.0,89.0,88.0,118.0,137.0,138.0,9.0,11.0,18.0,30.0,19.0,31.0,10.0,9.0,1.0,20.0,19.0,1.0
Distrust,Female_Distrust 04,99.0,92.0,88.0,118.0,120.0,120.0,8.0,11.0,15.0,13.0,19.0,13.0,11.0,7.0,4.0,2.0,2.0,0.0
Distrust,Female_Distrust 05,100.0,99.0,98.0,118.0,125.0,126.0,7.0,11.0,8.0,18.0,9.0,19.0,2.0,1.0,1.0,8.0,7.0,1.0
Empathy,Female_Empathy 01,100.0,104.0,98.0,117.0,109.0,118.0,7.0,10.0,3.0,2.0,9.0,11.0,2.0,-4.0,6.0,1.0,-8.0,9.0
Empathy,Female_Empathy 02,98.0,91.0,90.0,118.0,120.0,126.0,9.0,11.0,16.0,13.0,17.0,19.0,8.0,7.0,1.0,8.0,2.0,6.0
Empathy,Female_Empathy 03,99.0,99.0,96.0,116.0,125.0,130.0,8.0,9.0,8.0,18.0,11.0,23.0,3.0,0.0,3.0,14.0,9.0,5.0
Empathy,Female_Empathy 04,98.0,99.0,91.0,117.0,121.0,123.0,9.0,10.0,8.0,14.0,16.0,16.0,7.0,-1.0,8.0,6.0,4.0,2.0
Empathy,Female_Empathy 05,98.0,99.0,99.0,117.0,135.0,135.0,9.0,10.0,8.0,28.0,8.0,28.0,-1.0,-1.0,0.0,18.0,18.0,0.0
Expressions Anger,Female_Expressions Anger 01,98.0,98.0,97.0,127.0,119.0,122.0,9.0,20.0,9.0,12.0,10.0,15.0,1.0,0.0,1.0,-5.0,-8.0,3.0
Expressions Anger,Female_Expressions Anger 02,96.0,84.0,83.0,124.0,125.0,127.0,11.0,17.0,23.0,18.0,24.0,20.0,13.0,12.0,1.0,3.0,1.0,2.0
Expressions Anger,Female_Expressions Anger 03,98.0,85.0,84.0,125.0,125.0,127.0,9.0,18.0,22.0,18.0,23.0,20.0,14.0,13.0,1.0,2.0,0.0,2.0
Expressions Anger,Female_Expressions Anger 04,97.0,93.0,93.0,127.0,130.0,131.0,10.0,20.0,14.0,23.0,14.0,24.0,4.0,4.0,0.0,4.0,3.0,1.0
Expressions Anger,Female_Expressions Anger 05,96.0,85.0,85.0,125.0,124.0,125.0,11.0,18.0,22.0,17.0,22.0,18.0,11.0,11.0,0.0,0.0,-1.0,1.0
Expressions Confusion,Female_Expressions Confusion 01,97.0,95.0,95.0,128.0,129.0,136.0,10.0,21.0,12.0,22.0,12.0,29.0,2.0,2.0,0.0,8.0,1.0,7.0
Expressions Confusion,Female_Expressions Confusion 02,99.0,94.0,84.0,128.0,128.0,128.0,8.0,21.0,13.0,21.0,23.0,21.0,15.0,5.0,10.0,0.0,0.0,0.0
Expressions Confusion,Female_Expressions Confusion 03,98.0,99.0,97.0,126.0,126.0,127.0,9.0,19.0,8.0,19.0,10.0,20.0,1.0,-1.0,2.0,1.0,0.0,1.0
Expressions Confusion,Female_Expressions Confusion 04,97.0,100.0,98.0,127.0,119.0,127.0,10.0,20.0,7.0,12.0,9.0,20.0,-1.0,-3.0,2.0,0.0,-8.0,8.0
Expressions Confusion,Female_Expressions Confusion 05,99.0,86.0,84.0,130.0,134.0,134.0,8.0,23.0,21.0,27.0,23.0,27.0,15.0,13.0,2.0,4.0,4.0,0.0
Expressions Contempt,Female_Expressions Contempt 01,97.0,97.0,87.0,127.0,124.0,127.0,10.0,20.0,10.0,17.0,20.0,20.0,10.0,0.0,10.0,0.0,-3.0,3.0
Expressions Contempt,Female_Expressions Contempt 02,97.0,98.0,97.0,127.0,148.0,150.0,10.0,20.0,9.0,41.0,10.0,43.0,0.0,-1.0,1.0,23.0,21.0,2.0
Expressions Contempt,Female_Expressions Contempt 03,98.0,83.0,83.0,127.0,138.0,140.0,9.0,20.0,24.0,31.0,24.0,33.0,15.0,15.0,0.0,13.0,11.0,2.0
Expressions Contempt,Female_Expressions Contempt 04,97.0,97.0,95.0,127.0,124.0,127.0,10.0,20.0,10.0,17.0,12.0,20.0,2.0,0.0,2.0,0.0,-3.0,3.0
Expressions Contempt,Female_Expressions Contempt 05,97.0,78.0,77.0,129.0,133.0,139.0,10.0,22.0,29.0,26.0,30.0,32.0,20.0,19.0,1.0,10.0,4.0,6.0
Expressions Desire,Female_Expressions Desire 01,98.0,102.0,100.0,127.0,119.0,120.0,9.0,20.0,5.0,12.0,7.0,13.0,-2.0,-4.0,2.0,-7.0,-8.0,1.0
Expressions Desire,Female_Expressions Desire 02,97.0,88.0,86.0,127.0,159.0,159.0,10.0,20.0,19.0,52.0,21.0,52.0,11.0,9.0,2.0,32.0,32.0,0.0
Expressions Desire,Female_Expressions Desire 03,97.0,99.0,92.0,128.0,126.0,130.0,10.0,21.0,8.0,19.0,15.0,23.0,5.0,-2.0,7.0,2.0,-2.0,4.0
Expressions Desire,Female_Expressions Desire 04,94.0,73.0,73.0,119.0,129.0,129.0,13.0,12.0,34.0,22.0,34.0,22.0,21.0,21.0,0.0,10.0,10.0,0.0
Expressions Desire,Female_Expressions Desire 05,97.0,57.0,57.0,129.0,144.0,146.0,10.0,22.0,50.0,37.0,50.0,39.0,40.0,40.0,0.0,17.0,15.0,2.0
Expressions Disgust,Female_Expressions Disgust 01,98.0,82.0,82.0,129.0,133.0,138.0,9.0,22.0,25.0,26.0,25.0,31.0,16.0,16.0,0.0,9.0,4.0,5.0
Expressions Disgust,Female_Expressions Disgust 02,98.0,70.0,70.0,126.0,138.0,138.0,9.0,19.0,37.0,31.0,37.0,31.0,28.0,28.0,0.0,12.0,12.0,0.0
Expressions Disgust,Female_Expressions Disgust 03,97.0,95.0,93.0,126.0,124.0,125.0,10.0,19.0,12.0,17.0,14.0,18.0,4.0,2.0,2.0,-1.0,-2.0,1.0
Expressions Disgust,Female_Expressions Disgust 04,100.0,85.0,82.0,123.0,140.0,146.0,7.0,16.0,22.0,33.0,25.0,39.0,18.0,15.0,3.0,23.0,17.0,6.0
Expressions Disgust,Female_Expressions Disgust 05,97.0,94.0,94.0,125.0,124.0,130.0,10.0,18.0,13.0,17.0,13.0,23.0,3.0,3.0,0.0,5.0,-1.0,6.0
Expressions Excitement,Female_Expressions Excitement 01,97.0,87.0,81.0,129.0,128.0,131.0,10.0,22.0,20.0,21.0,26.0,24.0,16.0,10.0,6.0,2.0,-1.0,3.0
Expressions Excitement,Female_Expressions Excitement 02,98.0,87.0,82.0,129.0,152.0,152.0,9.0,22.0,20.0,45.0,25.0,45.0,16.0,11.0,5.0,23.0,23.0,0.0
Expressions Excitement,Female_Expressions Excitement 03,97.0,98.0,95.0,127.0,123.0,124.0,10.0,20.0,9.0,16.0,12.0,17.0,2.0,-1.0,3.0,-3.0,-4.0,1.0
Expressions Excitement,Female_Expressions Excitement 04,96.0,72.0,70.0,129.0,121.0,127.0,11.0,22.0,35.0,14.0,37.0,20.0,26.0,24.0,2.0,-2.0,-8.0,6.0
Expressions Excitement,Female_Expressions Excitement 05,98.0,92.0,91.0,129.0,120.0,125.0,9.0,22.0,15.0,13.0,16.0,18.0,7.0,6.0,1.0,-4.0,-9.0,5.0
Expressions Fear,Female_Expressions Fear 01,97.0,94.0,88.0,128.0,127.0,131.0,10.0,21.0,13.0,20.0,19.0,24.0,9.0,3.0,6.0,3.0,-1.0,4.0
Expressions Fear,Female_Expressions Fear 02,96.0,88.0,81.0,130.0,136.0,138.0,11.0,23.0,19.0,29.0,26.0,31.0,15.0,8.0,7.0,8.0,6.0,2.0
Expressions Fear,Female_Expressions Fear 03,98.0,92.0,86.0,127.0,120.0,126.0,9.0,20.0,15.0,13.0,21.0,19.0,12.0,6.0,6.0,-1.0,-7.0,6.0
Expressions Fear,Female_Expressions Fear 04,98.0,97.0,96.0,127.0,121.0,126.0,9.0,20.0,10.0,14.0,11.0,19.0,2.0,1.0,1.0,-1.0,-6.0,5.0
Expressions Fear,Female_Expressions Fear 05,97.0,97.0,95.0,128.0,124.0,128.0,10.0,21.0,10.0,17.0,12.0,21.0,2.0,0.0,2.0,0.0,-4.0,4.0
Expressions Happiness,Female_Expressions Happiness 01,98.0,83.0,81.0,127.0,125.0,126.0,9.0,20.0,24.0,18.0,26.0,19.0,17.0,15.0,2.0,-1.0,-2.0,1.0
Expressions Happiness,Female_Expressions Happiness 02,98.0,93.0,85.0,127.0,126.0,131.0,9.0,20.0,14.0,19.0,22.0,24.0,13.0,5.0,8.0,4.0,-1.0,5.0
Expressions Happiness,Female_Expressions Happiness 03,97.0,96.0,83.0,130.0,130.0,130.0,10.0,23.0,11.0,23.0,24.0,23.0,14.0,1.0,13.0,0.0,0.0,0.0
Expressions Happiness,Female_Expressions Happiness 04,97.0,82.0,81.0,129.0,126.0,137.0,10.0,22.0,25.0,19.0,26.0,30.0,16.0,15.0,1.0,8.0,-3.0,11.0
Expressions Happiness,Female_Expressions Happiness 05,97.0,80.0,78.0,129.0,130.0,132.0,10.0,22.0,27.0,23.0,29.0,25.0,19.0,17.0,2.0,3.0,1.0,2.0
Expressions Sadness,Female_Expressions Sadness 01,98.0,94.0,85.0,127.0,120.0,125.0,9.0,20.0,13.0,13.0,22.0,18.0,13.0,4.0,9.0,-2.0,-7.0,5.0
Expressions Sadness,Female_Expressions Sadness 02,96.0,57.0,57.0,128.0,146.0,153.0,11.0,21.0,50.0,39.0,50.0,46.0,39.0,39.0,0.0,25.0,18.0,7.0
Expressions Sadness,Female_Expressions Sadness 03,98.0,99.0,98.0,126.0,120.0,125.0,9.0,19.0,8.0,13.0,9.0,18.0,0.0,-1.0,1.0,-1.0,-6.0,5.0
Expressions Sadness,Female_Expressions Sadness 04,99.0,95.0,94.0,127.0,127.0,127.0,8.0,20.0,12.0,20.0,13.0,20.0,5.0,4.0,1.0,0.0,0.0,0.0
Expressions Sadness,Female_Expressions Sadness 05,98.0,92.0,85.0,128.0,130.0,131.0,9.0,21.0,15.0,23.0,22.0,24.0,13.0,6.0,7.0,3.0,2.0,1.0
Expressions Surprise,Female_Expressions Surprise 01,99.0,42.0,42.0,124.0,165.0,166.0,8.0,17.0,65.0,58.0,65.0,59.0,57.0,57.0,0.0,42.0,41.0,1.0
Expressions Surprise,Female_Expressions Surprise 02,98.0,82.0,82.0,128.0,128.0,134.0,9.0,21.0,25.0,21.0,25.0,27.0,16.0,16.0,0.0,6.0,0.0,6.0
Expressions Surprise,Female_Expressions Surprise 03,98.0,92.0,90.0,129.0,130.0,131.0,9.0,22.0,15.0,23.0,17.0,24.0,8.0,6.0,2.0,2.0,1.0,1.0
Expressions Surprise,Female_Expressions Surprise 04,96.0,87.0,86.0,130.0,141.0,146.0,11.0,23.0,20.0,34.0,21.0,39.0,10.0,9.0,1.0,16.0,11.0,5.0
Expressions Surprise,Female_Expressions Surprise 05,97.0,84.0,75.0,130.0,140.0,141.0,10.0,23.0,23.0,33.0,32.0,34.0,22.0,13.0,9.0,11.0,10.0,1.0
Eyeglasses,Female_Eyeglasses 1,103.0,22.0,22.0,110.0,193.0,193.0,4.0,3.0,85.0,86.0,85.0,86.0,81.0,81.0,0.0,83.0,83.0,0.0
Fear,Female_Fear 01,97.0,35.0,35.0,119.0,133.0,133.0,10.0,12.0,72.0,26.0,72.0,26.0,62.0,62.0,0.0,14.0,14.0,0.0
Fear,Female_Fear 02,97.0,84.0,83.0,118.0,145.0,146.0,10.0,11.0,23.0,38.0,24.0,39.0,14.0,13.0,1.0,28.0,27.0,1.0
Fear,Female_Fear 03,97.0,82.0,80.0,117.0,128.0,130.0,10.0,10.0,25.0,21.0,27.0,23.0,17.0,15.0,2.0,13.0,11.0,2.0
Fear,Female_Fear 04,98.0,87.0,86.0,118.0,147.0,147.0,9.0,11.0,20.0,40.0,21.0,40.0,12.0,11.0,1.0,29.0,29.0,0.0
Fear,Female_Fear 05,98.0,85.0,75.0,119.0,136.0,138.0,9.0,12.0,22.0,29.0,32.0,31.0,23.0,13.0,10.0,19.0,17.0,2.0
Fierce Cutthroat,Female_Fierce Cutthroat,99.0,86.0,86.0,112.0,124.0,128.0,8.0,5.0,21.0,17.0,21.0,21.0,13.0,13.0,0.0,16.0,12.0,4.0
Fierce Fiery,Female_Fierce Fiery,98.0,89.0,88.0,113.0,124.0,124.0,9.0,6.0,18.0,17.0,19.0,17.0,10.0,9.0,1.0,11.0,11.0,0.0
Fierce Savage,Female_Fierce Savage,99.0,85.0,85.0,111.0,187.0,188.0,8.0,4.0,22.0,80.0,22.0,81.0,14.0,14.0,0.0,77.0,76.0,1.0
Happy,Female_Happy 01,97.0,97.0,84.0,119.0,119.0,120.0,10.0,12.0,10.0,12.0,23.0,13.0,13.0,0.0,13.0,1.0,0.0,1.0
Happy,Female_Happy 02,99.0,98.0,92.0,116.0,118.0,121.0,8.0,9.0,9.0,11.0,15.0,14.0,7.0,1.0,6.0,5.0,2.0,3.0
Happy,Female_Happy 03,99.0,94.0,89.0,116.0,122.0,125.0,8.0,9.0,13.0,15.0,18.0,18.0,10.0,5.0,5.0,9.0,6.0,3.0
Happy,Female_Happy 04,100.0,93.0,91.0,116.0,130.0,130.0,7.0,9.0,14.0,23.0,16.0,23.0,9.0,7.0,2.0,14.0,14.0,0.0
Happy,Female_Happy 05,96.0,90.0,89.0,118.0,131.0,136.0,11.0,11.0,17.0,24.0,18.0,29.0,7.0,6.0,1.0,18.0,13.0,5.0
Happy Elated,Female_Happy Elated,97.0,85.0,84.0,115.0,144.0,144.0,10.0,8.0,22.0,37.0,23.0,37.0,13.0,12.0,1.0,29.0,29.0,0.0
Happy Perky,Female_Happy Perky,99.0,83.0,83.0,108.0,131.0,131.0,8.0,1.0,24.0,24.0,24.0,24.0,16.0,16.0,0.0,23.0,23.0,0.0
Happy So Peaceful,Female_Happy So Peaceful,96.0,59.0,59.0,115.0,152.0,155.0,11.0,8.0,48.0,45.0,48.0,48.0,37.0,37.0,0.0,40.0,37.0,3.0
Humiliated,Female_Humiliated,98.0,95.0,86.0,114.0,138.0,138.0,9.0,7.0,12.0,31.0,21.0,31.0,12.0,3.0,9.0,24.0,24.0,0.0
Insanity Deranged,Female_Insanity Deranged,99.0,65.0,64.0,112.0,184.0,191.0,8.0,5.0,42.0,77.0,43.0,84.0,35.0,34.0,1.0,79.0,72.0,7.0
Insanity Go Cuckoo,Female_Insanity Go Cuckoo,98.0,86.0,86.0,118.0,132.0,132.0,9.0,11.0,21.0,25.0,21.0,25.0,12.0,12.0,0.0,14.0,14.0,0.0
Insanity Going Crazy,Female_Insanity Going Crazy,95.0,83.0,83.0,118.0,133.0,136.0,12.0,11.0,24.0,26.0,24.0,29.0,12.0,12.0,0.0,18.0,15.0,3.0
Insanity Hostile,Female_Insanity Hostile,98.0,67.0,51.0,114.0,162.0,174.0,9.0,7.0,40.0,55.0,56.0,67.0,47.0,31.0,16.0,60.0,48.0,12.0
Insanity Lunatic,Female_Insanity Lunatic,99.0,94.0,92.0,110.0,128.0,128.0,8.0,3.0,13.0,21.0,15.0,21.0,7.0,5.0,2.0,18.0,18.0,0.0
Joy,Female_Joy 01,98.0,96.0,93.0,116.0,114.0,115.0,9.0,9.0,11.0,7.0,14.0,8.0,5.0,2.0,3.0,-1.0,-2.0,1.0
Joy,Female_Joy 02,97.0,82.0,67.0,117.0,146.0,146.0,10.0,10.0,25.0,39.0,40.0,39.0,30.0,15.0,15.0,29.0,29.0,0.0
Joy,Female_Joy 03,95.0,59.0,59.0,120.0,157.0,162.0,12.0,13.0,48.0,50.0,48.0,55.0,36.0,36.0,0.0,42.0,37.0,5.0
Joy,Female_Joy 04,98.0,98.0,96.0,118.0,131.0,132.0,9.0,11.0,9.0,24.0,11.0,25.0,2.0,0.0,2.0,14.0,13.0,1.0
Joy,Female_Joy 05,96.0,48.0,39.0,120.0,129.0,142.0,11.0,13.0,59.0,22.0,68.0,35.0,57.0,48.0,9.0,22.0,9.0,13.0
Judgemental,Female_Judgemental 01,97.0,92.0,92.0,115.0,118.0,124.0,10.0,8.0,15.0,11.0,15.0,17.0,5.0,5.0,0.0,9.0,3.0,6.0
Judgemental,Female_Judgemental 02,100.0,99.0,95.0,117.0,113.0,119.0,7.0,10.0,8.0,6.0,12.0,12.0,5.0,1.0,4.0,2.0,-4.0,6.0
Judgemental,Female_Judgemental 03,99.0,85.0,82.0,117.0,119.0,120.0,8.0,10.0,22.0,12.0,25.0,13.0,17.0,14.0,3.0,3.0,2.0,1.0
Judgemental,Female_Judgemental 04,97.0,87.0,87.0,119.0,136.0,146.0,10.0,12.0,20.0,29.0,20.0,39.0,10.0,10.0,0.0,27.0,17.0,10.0
Judgemental,Female_Judgemental 05,98.0,98.0,93.0,112.0,131.0,136.0,9.0,5.0,9.0,24.0,14.0,29.0,5.0,0.0,5.0,24.0,19.0,5.0
Nervous,Female_Nervous,98.0,95.0,89.0,118.0,118.0,120.0,9.0,11.0,12.0,11.0,18.0,13.0,9.0,3.0,6.0,2.0,0.0,2.0
Pain,Female_Pain 01,98.0,86.0,86.0,118.0,141.0,141.0,9.0,11.0,21.0,34.0,21.0,34.0,12.0,12.0,0.0,23.0,23.0,0.0
Pain,Female_Pain 02,97.0,50.0,22.0,118.0,152.0,178.0,10.0,11.0,57.0,45.0,85.0,71.0,75.0,47.0,28.0,60.0,34.0,26.0
Pain,Female_Pain 03,99.0,98.0,92.0,117.0,127.0,127.0,8.0,10.0,9.0,20.0,15.0,20.0,7.0,1.0,6.0,10.0,10.0,0.0
Pain,Female_Pain 04,98.0,88.0,72.0,118.0,149.0,149.0,9.0,11.0,19.0,42.0,35.0,42.0,26.0,10.0,16.0,31.0,31.0,0.0
Pain,Female_Pain 05,98.0,86.0,86.0,120.0,135.0,142.0,9.0,13.0,21.0,28.0,21.0,35.0,12.0,12.0,0.0,22.0,15.0,7.0
Pain Illness,Female_Pain Illness,97.0,63.0,63.0,110.0,156.0,163.0,10.0,3.0,44.0,49.0,44.0,56.0,34.0,34.0,0.0,53.0,46.0,7.0
Playful,Female_Playful 01,97.0,93.0,86.0,116.0,130.0,130.0,10.0,9.0,14.0,23.0,21.0,23.0,11.0,4.0,7.0,14.0,14.0,0.0
Playful,Female_Playful 02,100.0,90.0,86.0,116.0,132.0,132.0,7.0,9.0,17.0,25.0,21.0,25.0,14.0,10.0,4.0,16.0,16.0,0.0
Playful,Female_Playful 03,99.0,100.0,98.0,119.0,123.0,127.0,8.0,12.0,7.0,16.0,9.0,20.0,1.0,-1.0,2.0,8.0,4.0,4.0
Playful,Female_Playful 04,99.0,94.0,92.0,114.0,131.0,131.0,8.0,7.0,13.0,24.0,15.0,24.0,7.0,5.0,2.0,17.0,17.0,0.0
Playful,Female_Playful 05,97.0,98.0,96.0,117.0,117.0,123.0,10.0,10.0,9.0,10.0,11.0,16.0,1.0,-1.0,2.0,6.0,0.0,6.0
Pleasure Oo So Funny,Female_Pleasure Oo So Funny,98.0,97.0,95.0,113.0,117.0,118.0,9.0,6.0,10.0,10.0,12.0,11.0,3.0,1.0,2.0,5.0,4.0,1.0
Romantic,Female_Romantic 01,95.0,84.0,81.0,118.0,125.0,141.0,12.0,11.0,23.0,18.0,26.0,34.0,14.0,11.0,3.0,23.0,7.0,16.0
Romantic,Female_Romantic 02,99.0,100.0,97.0,117.0,115.0,117.0,8.0,10.0,7.0,8.0,10.0,10.0,2.0,-1.0,3.0,0.0,-2.0,2.0
Romantic,Female_Romantic 03,97.0,96.0,96.0,117.0,135.0,137.0,10.0,10.0,11.0,28.0,11.0,30.0,1.0,1.0,0.0,20.0,18.0,2.0
Romantic,Female_Romantic 04,98.0,81.0,81.0,118.0,127.0,131.0,9.0,11.0,26.0,20.0,26.0,24.0,17.0,17.0,0.0,13.0,9.0,4.0
Romantic,Female_Romantic 05,98.0,100.0,97.0,116.0,114.0,116.0,9.0,9.0,7.0,7.0,10.0,9.0,1.0,-2.0,3.0,0.0,-2.0,2.0
S Wink,Female_S Wink 02,93.0,43.0,42.0,120.0,170.0,170.0,14.0,13.0,64.0,63.0,65.0,63.0,51.0,50.0,1.0,50.0,50.0,0.0
Sad,Female_Sad 01,98.0,100.0,95.0,117.0,116.0,119.0,9.0,10.0,7.0,9.0,12.0,12.0,3.0,-2.0,5.0,2.0,-1.0,3.0
Sad,Female_Sad 02,98.0,100.0,96.0,117.0,119.0,125.0,9.0,10.0,7.0,12.0,11.0,18.0,2.0,-2.0,4.0,8.0,2.0,6.0
Sad,Female_Sad 03,96.0,96.0,81.0,119.0,154.0,161.0,11.0,12.0,11.0,47.0,26.0,54.0,15.0,0.0,15.0,42.0,35.0,7.0
Sad,Female_Sad 04,98.0,99.0,98.0,116.0,121.0,126.0,9.0,9.0,8.0,14.0,9.0,19.0,0.0,-1.0,1.0,10.0,5.0,5.0
Sad,Female_Sad 05,99.0,96.0,96.0,117.0,111.0,118.0,8.0,10.0,11.0,4.0,11.0,11.0,3.0,3.0,0.0,1.0,-6.0,7.0
Scream,Female_Scream,98.0,94.0,94.0,120.0,133.0,133.0,9.0,13.0,13.0,26.0,13.0,26.0,4.0,4.0,0.0,13.0,13.0,0.0
Seriousness,Female_Seriousness 01,99.0,102.0,100.0,117.0,111.0,115.0,8.0,10.0,5.0,4.0,7.0,8.0,-1.0,-3.0,2.0,-2.0,-6.0,4.0
Seriousness,Female_Seriousness 02,98.0,92.0,91.0,118.0,119.0,121.0,9.0,11.0,15.0,12.0,16.0,14.0,7.0,6.0,1.0,3.0,1.0,2.0
Seriousness,Female_Seriousness 03,98.0,100.0,98.0,116.0,107.0,119.0,9.0,9.0,7.0,0.0,9.0,12.0,0.0,-2.0,2.0,3.0,-9.0,12.0
Seriousness,Female_Seriousness 04,98.0,93.0,91.0,119.0,120.0,121.0,9.0,12.0,14.0,13.0,16.0,14.0,7.0,5.0,2.0,2.0,1.0,1.0
Seriousness,Female_Seriousness 05,99.0,84.0,83.0,118.0,119.0,120.0,8.0,11.0,23.0,12.0,24.0,13.0,16.0,15.0,1.0,2.0,1.0,1.0
Silly,Female_Silly 01,99.0,86.0,86.0,117.0,128.0,128.0,8.0,10.0,21.0,21.0,21.0,21.0,13.0,13.0,0.0,11.0,11.0,0.0
Silly,Female_Silly 02,98.0,74.0,74.0,120.0,131.0,140.0,9.0,13.0,33.0,24.0,33.0,33.0,24.0,24.0,0.0,20.0,11.0,9.0
Silly,Female_Silly 03,98.0,73.0,73.0,118.0,135.0,140.0,9.0,11.0,34.0,28.0,34.0,33.0,25.0,25.0,0.0,22.0,17.0,5.0
Silly,Female_Silly 04,94.0,81.0,74.0,122.0,154.0,154.0,13.0,15.0,26.0,47.0,33.0,47.0,20.0,13.0,7.0,32.0,32.0,0.0
Silly,Female_Silly 05,98.0,91.0,91.0,118.0,157.0,159.0,9.0,11.0,16.0,50.0,16.0,52.0,7.0,7.0,0.0,41.0,39.0,2.0
Sleepy,Female_Sleepy,94.0,72.0,72.0,118.0,131.0,131.0,13.0,11.0,35.0,24.0,35.0,24.0,22.0,22.0,0.0,13.0,13.0,0.0
Sleepy,Female_Sleepy 01,96.0,32.0,32.0,120.0,182.0,182.0,11.0,13.0,75.0,75.0,75.0,75.0,64.0,64.0,0.0,62.0,62.0,0.0
Sleepy,Female_Sleepy 02,96.0,97.0,96.0,118.0,122.0,129.0,11.0,11.0,10.0,15.0,11.0,22.0,0.0,-1.0,1.0,11.0,4.0,7.0
Sleepy,Female_Sleepy 03,96.0,87.0,86.0,117.0,127.0,127.0,11.0,10.0,20.0,20.0,21.0,20.0,10.0,9.0,1.0,10.0,10.0,0.0
Sleepy,Female_Sleepy 04,96.0,75.0,72.0,119.0,145.0,145.0,11.0,12.0,32.0,38.0,35.0,38.0,24.0,21.0,3.0,26.0,26.0,0.0
Sleepy,Female_Sleepy 05,97.0,95.0,91.0,117.0,119.0,119.0,10.0,10.0,12.0,12.0,16.0,12.0,6.0,2.0,4.0,2.0,2.0,0.0
Subtle,Female_Subtle 01,97.0,94.0,92.0,118.0,119.0,120.0,10.0,11.0,13.0,12.0,15.0,13.0,5.0,3.0,2.0,2.0,1.0,1.0
Subtle,Female_Subtle 02,98.0,100.0,99.0,118.0,116.0,118.0,9.0,11.0,7.0,9.0,8.0,11.0,-1.0,-2.0,1.0,0.0,-2.0,2.0
Subtle,Female_Subtle 03,98.0,101.0,98.0,117.0,112.0,118.0,9.0,10.0,6.0,5.0,9.0,11.0,0.0,-3.0,3.0,1.0,-5.0,6.0
Subtle,Female_Subtle 04,100.0,100.0,99.0,118.0,117.0,118.0,7.0,11.0,7.0,10.0,8.0,11.0,1.0,0.0,1.0,0.0,-1.0,1.0
Talking,Female_Talking 01,98.0,97.0,96.0,119.0,130.0,130.0,9.0,12.0,10.0,23.0,11.0,23.0,2.0,1.0,1.0,11.0,11.0,0.0
Talking,Female_Talking 02,98.0,88.0,83.0,119.0,130.0,130.0,9.0,12.0,19.0,23.0,24.0,23.0,15.0,10.0,5.0,11.0,11.0,0.0
Talking,Female_Talking 03,96.0,84.0,58.0,119.0,127.0,127.0,11.0,12.0,23.0,20.0,49.0,20.0,38.0,12.0,26.0,8.0,8.0,0.0
Talking,Female_Talking 04,98.0,90.0,90.0,119.0,140.0,141.0,9.0,12.0,17.0,33.0,17.0,34.0,8.0,8.0,0.0,22.0,21.0,1.0
Talking,Female_Talking 05,98.0,95.0,94.0,118.0,121.0,123.0,9.0,11.0,12.0,14.0,13.0,16.0,4.0,3.0,1.0,5.0,3.0,2.0
Terror,Female_Terror,98.0,78.0,71.0,116.0,136.0,141.0,9.0,9.0,29.0,29.0,36.0,34.0,27.0,20.0,7.0,25.0,20.0,5.0
Terror Phobia,Female_Terror Phobia,97.0,84.0,84.0,115.0,133.0,134.0,10.0,8.0,23.0,26.0,23.0,27.0,13.0,13.0,0.0,19.0,18.0,1.0
Ulgh,Female_Ulgh,100.0,93.0,44.0,116.0,175.0,176.0,7.0,9.0,14.0,68.0,63.0,69.0,56.0,7.0,49.0,60.0,59.0,1.0
Wicked,Female_Wicked 01,98.0,81.0,79.0,118.0,129.0,136.0,9.0,11.0,26.0,22.0,28.0,29.0,19.0,17.0,2.0,18.0,11.0,7.0
Wicked,Female_Wicked 02,98.0,88.0,87.0,119.0,132.0,134.0,9.0,12.0,19.0,25.0,20.0,27.0,11.0,10.0,1.0,15.0,13.0,2.0
Wicked,Female_Wicked 03,99.0,81.0,80.0,118.0,142.0,143.0,8.0,11.0,26.0,35.0,27.0,36.0,19.0,18.0,1.0,25.0,24.0,1.0
Wicked,Female_Wicked 04,97.0,107.0,102.0,116.0,107.0,114.0,10.0,9.0,0.0,0.0,5.0,7.0,-5.0,-10.0,5.0,-2.0,-9.0,7.0
Wicked,Female_Wicked 05,97.0,107.0,107.0,116.0,107.0,120.0,10.0,9.0,0.0,0.0,0.0,13.0,-10.0,-10.0,0.0,4.0,-9.0,13.0
Wink,Female_Wink,98.0,50.0,41.0,119.0,139.0,139.0,9.0,12.0,57.0,32.0,66.0,32.0,57.0,48.0,9.0,20.0,20.0,0.0
With Forehead Wrinkles Angry,Female_With Forehead Wrinkles Angry 01,100.0,98.0,89.0,116.0,112.0,115.0,7.0,9.0,9.0,5.0,18.0,8.0,11.0,2.0,9.0,-1.0,-4.0,3.0
With Forehead Wrinkles Angry,Female_With Forehead Wrinkles Angry 02,96.0,99.0,80.0,120.0,113.0,131.0,11.0,13.0,8.0,6.0,27.0,24.0,16.0,-3.0,19.0,11.0,-7.0,18.0
With Forehead Wrinkles Angry,Female_With Forehead Wrinkles Angry 03,98.0,91.0,91.0,116.0,129.0,130.0,9.0,9.0,16.0,22.0,16.0,23.0,7.0,7.0,0.0,14.0,13.0,1.0
With Forehead Wrinkles Angry,Female_With Forehead Wrinkles Angry 04,98.0,89.0,89.0,117.0,127.0,127.0,9.0,10.0,18.0,20.0,18.0,20.0,9.0,9.0,0.0,10.0,10.0,0.0
With Forehead Wrinkles Angry,Female_With Forehead Wrinkles Angry 05,95.0,75.0,63.0,118.0,134.0,134.0,12.0,11.0,32.0,27.0,44.0,27.0,32.0,20.0,12.0,16.0,16.0,0.0
ZMouth Open Horizontal,Female_ZMouth Open Horizontal,97.0,96.0,95.0,118.0,120.0,125.0,10.0,11.0,11.0,13.0,12.0,18.0,2.0,1.0,1.0,7.0,2.0,5.0
ZMouth Open Horizontal And Vertical,Female_ZMouth Open Horizontal And Vertical,97.0,84.0,83.0,118.0,130.0,131.0,10.0,11.0,23.0,23.0,24.0,24.0,14.0,13.0,1.0,13.0,12.0,1.0
+10,Male_+10,102.0,93.0,91.0,108.0,121.0,123.0,5.0,1.0,14.0,14.0,16.0,16.0,11.0,9.0,2.0,15.0,13.0,2.0
+20,Male_+20,101.0,93.0,90.0,111.0,125.0,126.0,6.0,4.0,14.0,18.0,17.0,19.0,11.0,8.0,3.0,15.0,14.0,1.0
+20_ZMouth Open Horizontal And Vertical,Male_+20_ZMouth Open Horizontal And Vertical,98.0,68.0,67.0,114.0,147.0,147.0,9.0,7.0,39.0,40.0,40.0,40.0,31.0,30.0,1.0,33.0,33.0,0.0
+30,Male_+30,100.0,77.0,77.0,112.0,137.0,140.0,7.0,5.0,30.0,30.0,30.0,33.0,23.0,23.0,0.0,28.0,25.0,3.0
+40,Male_+40,99.0,96.0,92.0,113.0,123.0,124.0,8.0,6.0,11.0,16.0,15.0,17.0,7.0,3.0,4.0,11.0,10.0,1.0
+50,Male_+50,99.0,37.0,37.0,115.0,176.0,179.0,8.0,8.0,70.0,69.0,70.0,72.0,62.0,62.0,0.0,64.0,61.0,3.0
+50_ZMouth Open Horizontal And Vertical,Male_+50_ZMouth Open Horizontal And Vertical,99.0,67.0,66.0,113.0,156.0,156.0,8.0,6.0,40.0,49.0,41.0,49.0,33.0,32.0,1.0,43.0,43.0,0.0
-10,Male_-10,100.0,90.0,89.0,108.0,126.0,160.0,7.0,1.0,17.0,19.0,18.0,53.0,11.0,10.0,1.0,52.0,18.0,34.0
-10_ZMouth Open Horizontal And Vertical,Male_-10_ZMouth Open Horizontal And Vertical,97.0,85.0,85.0,115.0,124.0,125.0,10.0,8.0,22.0,17.0,22.0,18.0,12.0,12.0,0.0,10.0,9.0,1.0
-20,Male_-20,98.0,80.0,80.0,108.0,139.0,142.0,9.0,1.0,27.0,32.0,27.0,35.0,18.0,18.0,0.0,34.0,31.0,3.0
-20_ZMouth Open Horizontal And Vertical,Male_-20_ZMouth Open Horizontal And Vertical,99.0,50.0,45.0,116.0,161.0,162.0,8.0,9.0,57.0,54.0,62.0,55.0,54.0,49.0,5.0,46.0,45.0,1.0
-30,Male_-30,100.0,100.0,100.0,109.0,116.0,118.0,7.0,2.0,7.0,9.0,7.0,11.0,0.0,0.0,0.0,9.0,7.0,2.0
-40,Male_-40,101.0,91.0,91.0,112.0,123.0,124.0,6.0,5.0,16.0,16.0,16.0,17.0,10.0,10.0,0.0,12.0,11.0,1.0
-50,Male_-50,98.0,34.0,31.0,112.0,174.0,174.0,9.0,5.0,73.0,67.0,76.0,67.0,67.0,64.0,3.0,62.0,62.0,0.0
-60,Male_-60,101.0,89.0,89.0,113.0,132.0,132.0,6.0,6.0,18.0,25.0,18.0,25.0,12.0,12.0,0.0,19.0,19.0,0.0
0,Male_0,101.0,92.0,92.0,108.0,123.0,124.0,6.0,1.0,15.0,16.0,15.0,17.0,9.0,9.0,0.0,16.0,15.0,1.0
Angry,Male_Angry 01,102.0,107.0,97.0,113.0,107.0,144.0,5.0,6.0,0.0,0.0,10.0,37.0,5.0,-5.0,10.0,31.0,-6.0,37.0
Angry,Male_Angry 02,100.0,103.0,76.0,117.0,129.0,135.0,7.0,10.0,4.0,22.0,31.0,28.0,24.0,-3.0,27.0,18.0,12.0,6.0
Angry,Male_Angry 03,101.0,95.0,94.0,113.0,117.0,118.0,6.0,6.0,12.0,10.0,13.0,11.0,7.0,6.0,1.0,5.0,4.0,1.0
Angry,Male_Angry 04,101.0,98.0,98.0,114.0,114.0,115.0,6.0,7.0,9.0,7.0,9.0,8.0,3.0,3.0,0.0,1.0,0.0,1.0
Angry,Male_Angry 05,101.0,83.0,81.0,111.0,127.0,129.0,6.0,4.0,24.0,20.0,26.0,22.0,20.0,18.0,2.0,18.0,16.0,2.0
Anguish,Male_Anguish,101.0,98.0,98.0,113.0,126.0,126.0,6.0,6.0,9.0,19.0,9.0,19.0,3.0,3.0,0.0,13.0,13.0,0.0
Animosity Growl,Male_Animosity Growl,100.0,107.0,106.0,108.0,107.0,128.0,7.0,1.0,0.0,0.0,1.0,21.0,-6.0,-7.0,1.0,20.0,-1.0,21.0
Animosity Rebellious,Male_Animosity Rebellious,100.0,62.0,62.0,110.0,152.0,152.0,7.0,3.0,45.0,45.0,45.0,45.0,38.0,38.0,0.0,42.0,42.0,0.0
Bored,Male_Bored 01,101.0,98.0,96.0,114.0,116.0,116.0,6.0,7.0,9.0,9.0,11.0,9.0,5.0,3.0,2.0,2.0,2.0,0.0
Bored,Male_Bored 03,101.0,101.0,100.0,114.0,112.0,114.0,6.0,7.0,6.0,5.0,7.0,7.0,1.0,0.0,1.0,0.0,-2.0,2.0
Bored,Male_Bored 04,101.0,96.0,96.0,114.0,120.0,129.0,6.0,7.0,11.0,13.0,11.0,22.0,5.0,5.0,0.0,15.0,6.0,9.0
Bored,Male_Bored 05,102.0,102.0,101.0,114.0,119.0,120.0,5.0,7.0,5.0,12.0,6.0,13.0,1.0,0.0,1.0,6.0,5.0,1.0
BreathTaking Over The Moon,Male_BreathTaking Over The Moon,100.0,107.0,102.0,108.0,107.0,112.0,7.0,1.0,0.0,0.0,5.0,5.0,-2.0,-7.0,5.0,4.0,-1.0,5.0
Chewing,Male_Chewing,100.0,98.0,96.0,116.0,118.0,118.0,7.0,9.0,9.0,11.0,11.0,11.0,4.0,2.0,2.0,2.0,2.0,0.0
Choking,Male_Choking,100.0,85.0,85.0,112.0,129.0,129.0,7.0,5.0,22.0,22.0,22.0,22.0,15.0,15.0,0.0,17.0,17.0,0.0
Coughing,Male_Coughing,100.0,101.0,100.0,113.0,115.0,121.0,7.0,6.0,6.0,8.0,7.0,14.0,0.0,-1.0,1.0,8.0,2.0,6.0
Crazed,Male_Crazed,100.0,58.0,58.0,109.0,165.0,166.0,7.0,2.0,49.0,58.0,49.0,59.0,42.0,42.0,0.0,57.0,56.0,1.0
Crying,Male_Crying,101.0,97.0,97.0,115.0,115.0,116.0,6.0,8.0,10.0,8.0,10.0,9.0,4.0,4.0,0.0,1.0,0.0,1.0
Cute,Male_Cute 01,102.0,99.0,97.0,114.0,116.0,117.0,5.0,7.0,8.0,9.0,10.0,10.0,5.0,3.0,2.0,3.0,2.0,1.0
Cute,Male_Cute 02,101.0,104.0,97.0,114.0,112.0,113.0,6.0,7.0,3.0,5.0,10.0,6.0,4.0,-3.0,7.0,-1.0,-2.0,1.0
Cute,Male_Cute 03,102.0,95.0,94.0,114.0,129.0,132.0,5.0,7.0,12.0,22.0,13.0,25.0,8.0,7.0,1.0,18.0,15.0,3.0
Cute,Male_Cute 04,101.0,97.0,97.0,115.0,118.0,119.0,6.0,8.0,10.0,11.0,10.0,12.0,4.0,4.0,0.0,4.0,3.0,1.0
Cute,Male_Cute 05,100.0,100.0,96.0,115.0,112.0,114.0,7.0,8.0,7.0,5.0,11.0,7.0,4.0,0.0,4.0,-1.0,-3.0,2.0
Despise,Male_Despise 01,102.0,102.0,99.0,112.0,117.0,117.0,5.0,5.0,5.0,10.0,8.0,10.0,3.0,0.0,3.0,5.0,5.0,0.0
Despise,Male_Despise 02,102.0,86.0,86.0,112.0,137.0,171.0,5.0,5.0,21.0,30.0,21.0,64.0,16.0,16.0,0.0,59.0,25.0,34.0
Despise,Male_Despise 03,102.0,84.0,84.0,115.0,118.0,123.0,5.0,8.0,23.0,11.0,23.0,16.0,18.0,18.0,0.0,8.0,3.0,5.0
Despise,Male_Despise 04,100.0,96.0,95.0,113.0,120.0,120.0,7.0,6.0,11.0,13.0,12.0,13.0,5.0,4.0,1.0,7.0,7.0,0.0
Despise,Male_Despise 05,101.0,101.0,101.0,114.0,111.0,113.0,6.0,7.0,6.0,4.0,6.0,6.0,0.0,0.0,0.0,-1.0,-3.0,2.0
Determined,Male_Determined,101.0,107.0,99.0,108.0,118.0,118.0,6.0,1.0,0.0,11.0,8.0,11.0,2.0,-6.0,8.0,10.0,10.0,0.0
Distrust,Male_Distrust 01,101.0,102.0,90.0,114.0,117.0,118.0,6.0,7.0,5.0,10.0,17.0,11.0,11.0,-1.0,12.0,4.0,3.0,1.0
Distrust,Male_Distrust 02,100.0,101.0,99.0,115.0,115.0,116.0,7.0,8.0,6.0,8.0,8.0,9.0,1.0,-1.0,2.0,1.0,0.0,1.0
Distrust,Male_Distrust 03,102.0,103.0,102.0,113.0,115.0,116.0,5.0,6.0,4.0,8.0,5.0,9.0,0.0,-1.0,1.0,3.0,2.0,1.0
Distrust,Male_Distrust 04,100.0,101.0,99.0,114.0,111.0,113.0,7.0,7.0,6.0,4.0,8.0,6.0,1.0,-1.0,2.0,-1.0,-3.0,2.0
Distrust,Male_Distrust 05,101.0,98.0,97.0,114.0,122.0,123.0,6.0,7.0,9.0,15.0,10.0,16.0,4.0,3.0,1.0,9.0,8.0,1.0
Empathy,Male_Empathy 01,101.0,105.0,99.0,113.0,112.0,113.0,6.0,6.0,2.0,5.0,8.0,6.0,2.0,-4.0,6.0,0.0,-1.0,1.0
Empathy,Male_Empathy 02,100.0,98.0,97.0,115.0,117.0,118.0,7.0,8.0,9.0,10.0,10.0,11.0,3.0,2.0,1.0,3.0,2.0,1.0
Empathy,Male_Empathy 03,102.0,103.0,97.0,113.0,121.0,121.0,5.0,6.0,4.0,14.0,10.0,14.0,5.0,-1.0,6.0,8.0,8.0,0.0
Empathy,Male_Empathy 04,99.0,97.0,95.0,116.0,112.0,116.0,8.0,9.0,10.0,5.0,12.0,9.0,4.0,2.0,2.0,0.0,-4.0,4.0
Empathy,Male_Empathy 05,100.0,101.0,99.0,116.0,122.0,122.0,7.0,9.0,6.0,15.0,8.0,15.0,1.0,-1.0,2.0,6.0,6.0,0.0
Expressions Anger,Male_Expressions Anger 01,102.0,97.0,92.0,116.0,118.0,125.0,5.0,9.0,10.0,11.0,15.0,18.0,10.0,5.0,5.0,9.0,2.0,7.0
Expressions Anger,Male_Expressions Anger 02,102.0,74.0,74.0,113.0,118.0,120.0,5.0,6.0,33.0,11.0,33.0,13.0,28.0,28.0,0.0,7.0,5.0,2.0
Expressions Anger,Male_Expressions Anger 03,101.0,100.0,99.0,114.0,115.0,116.0,6.0,7.0,7.0,8.0,8.0,9.0,2.0,1.0,1.0,2.0,1.0,1.0
Expressions Anger,Male_Expressions Anger 04,98.0,86.0,85.0,112.0,119.0,119.0,9.0,5.0,21.0,12.0,22.0,12.0,13.0,12.0,1.0,7.0,7.0,0.0
Expressions Anger,Male_Expressions Anger 05,101.0,89.0,89.0,113.0,137.0,137.0,6.0,6.0,18.0,30.0,18.0,30.0,12.0,12.0,0.0,24.0,24.0,0.0
Expressions Confusion,Male_Expressions Confusion 01,103.0,84.0,78.0,112.0,117.0,118.0,4.0,5.0,23.0,10.0,29.0,11.0,25.0,19.0,6.0,6.0,5.0,1.0
Expressions Confusion,Male_Expressions Confusion 02,100.0,91.0,90.0,115.0,121.0,121.0,7.0,8.0,16.0,14.0,17.0,14.0,10.0,9.0,1.0,6.0,6.0,0.0
Expressions Confusion,Male_Expressions Confusion 03,101.0,99.0,98.0,114.0,114.0,114.0,6.0,7.0,8.0,7.0,9.0,7.0,3.0,2.0,1.0,0.0,0.0,0.0
Expressions Confusion,Male_Expressions Confusion 04,101.0,102.0,98.0,114.0,125.0,125.0,6.0,7.0,5.0,18.0,9.0,18.0,3.0,-1.0,4.0,11.0,11.0,0.0
Expressions Confusion,Male_Expressions Confusion 05,102.0,89.0,89.0,116.0,117.0,118.0,5.0,9.0,18.0,10.0,18.0,11.0,13.0,13.0,0.0,2.0,1.0,1.0
Expressions Contempt,Male_Expressions Contempt 01,102.0,86.0,86.0,115.0,116.0,117.0,5.0,8.0,21.0,9.0,21.0,10.0,16.0,16.0,0.0,2.0,1.0,1.0
Expressions Contempt,Male_Expressions Contempt 02,102.0,101.0,98.0,114.0,125.0,126.0,5.0,7.0,6.0,18.0,9.0,19.0,4.0,1.0,3.0,12.0,11.0,1.0
Expressions Contempt,Male_Expressions Contempt 03,102.0,89.0,86.0,115.0,117.0,117.0,5.0,8.0,18.0,10.0,21.0,10.0,16.0,13.0,3.0,2.0,2.0,0.0
Expressions Contempt,Male_Expressions Contempt 04,101.0,101.0,98.0,116.0,114.0,114.0,6.0,9.0,6.0,7.0,9.0,7.0,3.0,0.0,3.0,-2.0,-2.0,0.0
Expressions Contempt,Male_Expressions Contempt 05,101.0,86.0,86.0,114.0,190.0,198.0,6.0,7.0,21.0,83.0,21.0,91.0,15.0,15.0,0.0,84.0,76.0,8.0
Expressions Desire,Male_Expressions Desire 01,101.0,102.0,98.0,115.0,116.0,116.0,6.0,8.0,5.0,9.0,9.0,9.0,3.0,-1.0,4.0,1.0,1.0,0.0
Expressions Desire,Male_Expressions Desire 02,101.0,94.0,94.0,116.0,127.0,130.0,6.0,9.0,13.0,20.0,13.0,23.0,7.0,7.0,0.0,14.0,11.0,3.0
Expressions Desire,Male_Expressions Desire 03,101.0,96.0,94.0,114.0,118.0,119.0,6.0,7.0,11.0,11.0,13.0,12.0,7.0,5.0,2.0,5.0,4.0,1.0
Expressions Desire,Male_Expressions Desire 04,103.0,45.0,33.0,111.0,117.0,117.0,4.0,4.0,62.0,10.0,74.0,10.0,70.0,58.0,12.0,6.0,6.0,0.0
Expressions Desire,Male_Expressions Desire 05,101.0,76.0,73.0,115.0,119.0,120.0,6.0,8.0,31.0,12.0,34.0,13.0,28.0,25.0,3.0,5.0,4.0,1.0
Expressions Disgust,Male_Expressions Disgust 01,100.0,97.0,93.0,114.0,120.0,121.0,7.0,7.0,10.0,13.0,14.0,14.0,7.0,3.0,4.0,7.0,6.0,1.0
Expressions Disgust,Male_Expressions Disgust 02,102.0,91.0,89.0,114.0,119.0,120.0,5.0,7.0,16.0,12.0,18.0,13.0,13.0,11.0,2.0,6.0,5.0,1.0
Expressions Disgust,Male_Expressions Disgust 03,101.0,101.0,99.0,113.0,113.0,114.0,6.0,6.0,6.0,6.0,8.0,7.0,2.0,0.0,2.0,1.0,0.0,1.0
Expressions Disgust,Male_Expressions Disgust 04,102.0,38.0,38.0,113.0,181.0,181.0,5.0,6.0,69.0,74.0,69.0,74.0,64.0,64.0,0.0,68.0,68.0,0.0
Expressions Disgust,Male_Expressions Disgust 05,101.0,95.0,93.0,113.0,119.0,120.0,6.0,6.0,12.0,12.0,14.0,13.0,8.0,6.0,2.0,7.0,6.0,1.0
Expressions Excitement,Male_Expressions Excitement 01,101.0,95.0,91.0,112.0,117.0,118.0,6.0,5.0,12.0,10.0,16.0,11.0,10.0,6.0,4.0,6.0,5.0,1.0
Expressions Excitement,Male_Expressions Excitement 02,102.0,89.0,89.0,113.0,120.0,122.0,5.0,6.0,18.0,13.0,18.0,15.0,13.0,13.0,0.0,9.0,7.0,2.0
Expressions Excitement,Male_Expressions Excitement 03,102.0,95.0,95.0,113.0,114.0,120.0,5.0,6.0,12.0,7.0,12.0,13.0,7.0,7.0,0.0,7.0,1.0,6.0
Expressions Excitement,Male_Expressions Excitement 04,102.0,100.0,95.0,114.0,115.0,116.0,5.0,7.0,7.0,8.0,12.0,9.0,7.0,2.0,5.0,2.0,1.0,1.0
Expressions Excitement,Male_Expressions Excitement 05,100.0,95.0,95.0,115.0,124.0,125.0,7.0,8.0,12.0,17.0,12.0,18.0,5.0,5.0,0.0,10.0,9.0,1.0
Expressions Fear,Male_Expressions Fear 01,100.0,94.0,92.0,114.0,116.0,116.0,7.0,7.0,13.0,9.0,15.0,9.0,8.0,6.0,2.0,2.0,2.0,0.0
Expressions Fear,Male_Expressions Fear 02,102.0,93.0,93.0,113.0,122.0,127.0,5.0,6.0,14.0,15.0,14.0,20.0,9.0,9.0,0.0,14.0,9.0,5.0
Expressions Fear,Male_Expressions Fear 03,100.0,98.0,97.0,114.0,116.0,116.0,7.0,7.0,9.0,9.0,10.0,9.0,3.0,2.0,1.0,2.0,2.0,0.0
Expressions Fear,Male_Expressions Fear 04,100.0,100.0,99.0,114.0,113.0,115.0,7.0,7.0,7.0,6.0,8.0,8.0,1.0,0.0,1.0,1.0,-1.0,2.0
Expressions Fear,Male_Expressions Fear 05,101.0,94.0,91.0,114.0,118.0,120.0,6.0,7.0,13.0,11.0,16.0,13.0,10.0,7.0,3.0,6.0,4.0,2.0
Expressions Happiness,Male_Expressions Happiness 01,102.0,89.0,89.0,115.0,116.0,117.0,5.0,8.0,18.0,9.0,18.0,10.0,13.0,13.0,0.0,2.0,1.0,1.0
Expressions Happiness,Male_Expressions Happiness 02,101.0,86.0,84.0,114.0,120.0,123.0,6.0,7.0,21.0,13.0,23.0,16.0,17.0,15.0,2.0,9.0,6.0,3.0
Expressions Happiness,Male_Expressions Happiness 03,101.0,70.0,68.0,115.0,123.0,123.0,6.0,8.0,37.0,16.0,39.0,16.0,33.0,31.0,2.0,8.0,8.0,0.0
Expressions Happiness,Male_Expressions Happiness 04,101.0,93.0,93.0,116.0,121.0,123.0,6.0,9.0,14.0,14.0,14.0,16.0,8.0,8.0,0.0,7.0,5.0,2.0
Expressions Happiness,Male_Expressions Happiness 05,101.0,80.0,78.0,115.0,155.0,158.0,6.0,8.0,27.0,48.0,29.0,51.0,23.0,21.0,2.0,43.0,40.0,3.0
Expressions Sadness,Male_Expressions Sadness 01,101.0,92.0,92.0,117.0,118.0,120.0,6.0,10.0,15.0,11.0,15.0,13.0,9.0,9.0,0.0,3.0,1.0,2.0
Expressions Sadness,Male_Expressions Sadness 02,101.0,91.0,91.0,113.0,117.0,123.0,6.0,6.0,16.0,10.0,16.0,16.0,10.0,10.0,0.0,10.0,4.0,6.0
Expressions Sadness,Male_Expressions Sadness 03,102.0,95.0,92.0,114.0,114.0,118.0,5.0,7.0,12.0,7.0,15.0,11.0,10.0,7.0,3.0,4.0,0.0,4.0
Expressions Sadness,Male_Expressions Sadness 04,101.0,100.0,99.0,115.0,116.0,117.0,6.0,8.0,7.0,9.0,8.0,10.0,2.0,1.0,1.0,2.0,1.0,1.0
Expressions Sadness,Male_Expressions Sadness 05,101.0,89.0,87.0,115.0,120.0,120.0,6.0,8.0,18.0,13.0,20.0,13.0,14.0,12.0,2.0,5.0,5.0,0.0
Expressions Surprise,Male_Expressions Surprise 01,99.0,85.0,76.0,114.0,129.0,130.0,8.0,7.0,22.0,22.0,31.0,23.0,23.0,14.0,9.0,16.0,15.0,1.0
Expressions Surprise,Male_Expressions Surprise 02,102.0,93.0,87.0,114.0,120.0,121.0,5.0,7.0,14.0,13.0,20.0,14.0,15.0,9.0,6.0,7.0,6.0,1.0
Expressions Surprise,Male_Expressions Surprise 03,100.0,97.0,97.0,116.0,120.0,122.0,7.0,9.0,10.0,13.0,10.0,15.0,3.0,3.0,0.0,6.0,4.0,2.0
Expressions Surprise,Male_Expressions Surprise 04,99.0,92.0,90.0,117.0,124.0,130.0,8.0,10.0,15.0,17.0,17.0,23.0,9.0,7.0,2.0,13.0,7.0,6.0
Expressions Surprise,Male_Expressions Surprise 05,102.0,52.0,51.0,116.0,136.0,136.0,5.0,9.0,55.0,29.0,56.0,29.0,51.0,50.0,1.0,20.0,20.0,0.0
Eyeglasses,Male_Eyeglasses 1,103.0,19.0,8.0,108.0,208.0,208.0,4.0,1.0,88.0,101.0,99.0,101.0,95.0,84.0,11.0,100.0,100.0,0.0
Fear,Male_Fear 01,99.0,89.0,85.0,115.0,127.0,127.0,8.0,8.0,18.0,20.0,22.0,20.0,14.0,10.0,4.0,12.0,12.0,0.0
Fear,Male_Fear 02,101.0,92.0,91.0,114.0,124.0,126.0,6.0,7.0,15.0,17.0,16.0,19.0,10.0,9.0,1.0,12.0,10.0,2.0
Fear,Male_Fear 03,101.0,88.0,87.0,113.0,124.0,124.0,6.0,6.0,19.0,17.0,20.0,17.0,14.0,13.0,1.0,11.0,11.0,0.0
Fear,Male_Fear 04,100.0,92.0,86.0,116.0,112.0,117.0,7.0,9.0,15.0,5.0,21.0,10.0,14.0,8.0,6.0,1.0,-4.0,5.0
Fear,Male_Fear 05,99.0,91.0,80.0,117.0,131.0,133.0,8.0,10.0,16.0,24.0,27.0,26.0,19.0,8.0,11.0,16.0,14.0,2.0
Fierce Cutthroat,Male_Fierce Cutthroat,98.0,101.0,75.0,109.0,114.0,115.0,9.0,2.0,6.0,7.0,32.0,8.0,23.0,-3.0,26.0,6.0,5.0,1.0
Fierce Fiery,Male_Fierce Fiery,102.0,88.0,88.0,108.0,121.0,122.0,5.0,1.0,19.0,14.0,19.0,15.0,14.0,14.0,0.0,14.0,13.0,1.0
Fierce Savage,Male_Fierce Savage,101.0,107.0,107.0,108.0,130.0,131.0,6.0,1.0,0.0,23.0,0.0,24.0,-6.0,-6.0,0.0,23.0,22.0,1.0
Happy,Male_Happy 01,101.0,55.0,54.0,114.0,120.0,124.0,6.0,7.0,52.0,13.0,53.0,17.0,47.0,46.0,1.0,10.0,6.0,4.0
Happy,Male_Happy 02,102.0,99.0,95.0,113.0,113.0,113.0,5.0,6.0,8.0,6.0,12.0,6.0,7.0,3.0,4.0,0.0,0.0,0.0
Happy,Male_Happy 03,102.0,102.0,93.0,113.0,121.0,123.0,5.0,6.0,5.0,14.0,14.0,16.0,9.0,0.0,9.0,10.0,8.0,2.0
Happy,Male_Happy 04,101.0,98.0,94.0,114.0,115.0,116.0,6.0,7.0,9.0,8.0,13.0,9.0,7.0,3.0,4.0,2.0,1.0,1.0
Happy,Male_Happy 05,99.0,86.0,86.0,116.0,128.0,131.0,8.0,9.0,21.0,21.0,21.0,24.0,13.0,13.0,0.0,15.0,12.0,3.0
Happy Elated,Male_Happy Elated,101.0,89.0,89.0,108.0,159.0,160.0,6.0,1.0,18.0,52.0,18.0,53.0,12.0,12.0,0.0,52.0,51.0,1.0
Happy Perky,Male_Happy Perky,101.0,89.0,80.0,108.0,118.0,130.0,6.0,1.0,18.0,11.0,27.0,23.0,21.0,12.0,9.0,22.0,10.0,12.0
Happy So Peaceful,Male_Happy So Peaceful,100.0,49.0,44.0,110.0,173.0,173.0,7.0,3.0,58.0,66.0,63.0,66.0,56.0,51.0,5.0,63.0,63.0,0.0
Humiliated,Male_Humiliated,99.0,95.0,86.0,115.0,121.0,123.0,8.0,8.0,12.0,14.0,21.0,16.0,13.0,4.0,9.0,8.0,6.0,2.0
Insanity Deranged,Male_Insanity Deranged,101.0,91.0,91.0,108.0,140.0,148.0,6.0,1.0,16.0,33.0,16.0,41.0,10.0,10.0,0.0,40.0,32.0,8.0
Insanity Go Cucko,Male_Insanity Go Cucko,103.0,84.0,77.0,108.0,124.0,125.0,4.0,1.0,23.0,17.0,30.0,18.0,26.0,19.0,7.0,17.0,16.0,1.0
Insanity Going Crazy,Male_Insanity Going Crazy,97.0,71.0,70.0,112.0,146.0,146.0,10.0,5.0,36.0,39.0,37.0,39.0,27.0,26.0,1.0,34.0,34.0,0.0
Insanity Hostile,Male_Insanity Hostile,100.0,82.0,81.0,110.0,141.0,145.0,7.0,3.0,25.0,34.0,26.0,38.0,19.0,18.0,1.0,35.0,31.0,4.0
Insanity Lunatic,Male_Insanity Lunatic,101.0,101.0,98.0,108.0,143.0,148.0,6.0,1.0,6.0,36.0,9.0,41.0,3.0,0.0,3.0,40.0,35.0,5.0
Joy,Male_Joy 01,102.0,96.0,95.0,113.0,117.0,119.0,5.0,6.0,11.0,10.0,12.0,12.0,7.0,6.0,1.0,6.0,4.0,2.0
Joy,Male_Joy 02,103.0,86.0,75.0,113.0,127.0,128.0,4.0,6.0,21.0,20.0,32.0,21.0,28.0,17.0,11.0,15.0,14.0,1.0
Joy,Male_Joy 03,97.0,21.0,21.0,117.0,153.0,155.0,10.0,10.0,86.0,46.0,86.0,48.0,76.0,76.0,0.0,38.0,36.0,2.0
Joy,Male_Joy 04,100.0,95.0,94.0,116.0,121.0,121.0,7.0,9.0,12.0,14.0,13.0,14.0,6.0,5.0,1.0,5.0,5.0,0.0
Joy,Male_Joy 05,99.0,86.0,76.0,117.0,121.0,122.0,8.0,10.0,21.0,14.0,31.0,15.0,23.0,13.0,10.0,5.0,4.0,1.0
Judgemental,Male_Judgemental 01,98.0,96.0,96.0,117.0,124.0,127.0,9.0,10.0,11.0,17.0,11.0,20.0,2.0,2.0,0.0,10.0,7.0,3.0
Judgemental,Male_Judgemental 02,100.0,91.0,89.0,114.0,112.0,114.0,7.0,7.0,16.0,5.0,18.0,7.0,11.0,9.0,2.0,0.0,-2.0,2.0
Judgemental,Male_Judgemental 03,100.0,91.0,91.0,115.0,126.0,127.0,7.0,8.0,16.0,19.0,16.0,20.0,9.0,9.0,0.0,12.0,11.0,1.0
Judgemental,Male_Judgemental 04,101.0,98.0,97.0,114.0,121.0,124.0,6.0,7.0,9.0,14.0,10.0,17.0,4.0,3.0,1.0,10.0,7.0,3.0
Judgemental,Male_Judgemental 05,99.0,99.0,91.0,117.0,134.0,134.0,8.0,10.0,8.0,27.0,16.0,27.0,8.0,0.0,8.0,17.0,17.0,0.0
Nervous,Male_Nervous,101.0,94.0,92.0,115.0,119.0,119.0,6.0,8.0,13.0,12.0,15.0,12.0,9.0,7.0,2.0,4.0,4.0,0.0
Pain,Male_Pain 01,100.0,91.0,91.0,113.0,129.0,129.0,7.0,6.0,16.0,22.0,16.0,22.0,9.0,9.0,0.0,16.0,16.0,0.0
Pain,Male_Pain 02,105.0,62.0,62.0,110.0,136.0,150.0,2.0,3.0,45.0,29.0,45.0,43.0,43.0,43.0,0.0,40.0,26.0,14.0
Pain,Male_Pain 03,100.0,95.0,93.0,114.0,120.0,120.0,7.0,7.0,12.0,13.0,14.0,13.0,7.0,5.0,2.0,6.0,6.0,0.0
Pain,Male_Pain 04,100.0,67.0,67.0,114.0,139.0,140.0,7.0,7.0,40.0,32.0,40.0,33.0,33.0,33.0,0.0,26.0,25.0,1.0
Pain,Male_Pain 05,100.0,87.0,87.0,117.0,127.0,127.0,7.0,10.0,20.0,20.0,20.0,20.0,13.0,13.0,0.0,10.0,10.0,0.0
Pain Illness,Male_Pain Illness,100.0,88.0,88.0,108.0,152.0,152.0,7.0,1.0,19.0,45.0,19.0,45.0,12.0,12.0,0.0,44.0,44.0,0.0
Playful,Male_Playful 01,99.0,98.0,96.0,114.0,117.0,117.0,8.0,7.0,9.0,10.0,11.0,10.0,3.0,1.0,2.0,3.0,3.0,0.0
Playful,Male_Playful 02,101.0,92.0,92.0,113.0,130.0,137.0,6.0,6.0,15.0,23.0,15.0,30.0,9.0,9.0,0.0,24.0,17.0,7.0
Playful,Male_Playful 03,101.0,96.0,96.0,113.0,117.0,120.0,6.0,6.0,11.0,10.0,11.0,13.0,5.0,5.0,0.0,7.0,4.0,3.0
Playful,Male_Playful 04,102.0,95.0,94.0,113.0,119.0,120.0,5.0,6.0,12.0,12.0,13.0,13.0,8.0,7.0,1.0,7.0,6.0,1.0
Playful,Male_Playful 05,101.0,97.0,96.0,114.0,114.0,116.0,6.0,7.0,10.0,7.0,11.0,9.0,5.0,4.0,1.0,2.0,0.0,2.0
Pleasure Oo So Funny,Male_Pleasure Oo So Funny,101.0,102.0,89.0,108.0,117.0,121.0,6.0,1.0,5.0,10.0,18.0,14.0,12.0,-1.0,13.0,13.0,9.0,4.0
Romantic,Male_Romantic 01,98.0,95.0,94.0,116.0,120.0,121.0,9.0,9.0,12.0,13.0,13.0,14.0,4.0,3.0,1.0,5.0,4.0,1.0
Romantic,Male_Romantic 02,101.0,101.0,99.0,114.0,112.0,113.0,6.0,7.0,6.0,5.0,8.0,6.0,2.0,0.0,2.0,-1.0,-2.0,1.0
Romantic,Male_Romantic 03,100.0,101.0,99.0,114.0,116.0,116.0,7.0,7.0,6.0,9.0,8.0,9.0,1.0,-1.0,2.0,2.0,2.0,0.0
Romantic,Male_Romantic 04,101.0,95.0,94.0,114.0,114.0,117.0,6.0,7.0,12.0,7.0,13.0,10.0,7.0,6.0,1.0,3.0,0.0,3.0
Romantic,Male_Romantic 05,101.0,98.0,95.0,114.0,115.0,117.0,6.0,7.0,9.0,8.0,12.0,10.0,6.0,3.0,3.0,3.0,1.0,2.0
S Wink,Male_S Wink 02,97.0,53.0,50.0,117.0,138.0,138.0,10.0,10.0,54.0,31.0,57.0,31.0,47.0,44.0,3.0,21.0,21.0,0.0
Sad,Male_Sad 01,100.0,95.0,89.0,114.0,116.0,118.0,7.0,7.0,12.0,9.0,18.0,11.0,11.0,5.0,6.0,4.0,2.0,2.0
Sad,Male_Sad 02,100.0,95.0,89.0,114.0,113.0,115.0,7.0,7.0,12.0,6.0,18.0,8.0,11.0,5.0,6.0,1.0,-1.0,2.0
Sad,Male_Sad 03,99.0,87.0,74.0,116.0,146.0,146.0,8.0,9.0,20.0,39.0,33.0,39.0,25.0,12.0,13.0,30.0,30.0,0.0
Sad,Male_Sad 04,100.0,102.0,100.0,117.0,118.0,118.0,7.0,10.0,5.0,11.0,7.0,11.0,0.0,-2.0,2.0,1.0,1.0,0.0
Sad,Male_Sad 05,100.0,101.0,97.0,114.0,113.0,115.0,7.0,7.0,6.0,6.0,10.0,8.0,3.0,-1.0,4.0,1.0,-1.0,2.0
Scream,Male_Scream,101.0,99.0,99.0,113.0,125.0,127.0,6.0,6.0,8.0,18.0,8.0,20.0,2.0,2.0,0.0,14.0,12.0,2.0
Seriousness,Male_Seriousness 01,101.0,102.0,100.0,114.0,111.0,113.0,6.0,7.0,5.0,4.0,7.0,6.0,1.0,-1.0,2.0,-1.0,-3.0,2.0
Seriousness,Male_Seriousness 02,102.0,90.0,90.0,114.0,109.0,117.0,5.0,7.0,17.0,2.0,17.0,10.0,12.0,12.0,0.0,3.0,-5.0,8.0
Seriousness,Male_Seriousness 03,100.0,101.0,98.0,114.0,112.0,114.0,7.0,7.0,6.0,5.0,9.0,7.0,2.0,-1.0,3.0,0.0,-2.0,2.0
Seriousness,Male_Seriousness 04,101.0,96.0,92.0,114.0,107.0,119.0,6.0,7.0,11.0,0.0,15.0,12.0,9.0,5.0,4.0,5.0,-7.0,12.0
Seriousness,Male_Seriousness 05,102.0,96.0,90.0,113.0,114.0,117.0,5.0,6.0,11.0,7.0,17.0,10.0,12.0,6.0,6.0,4.0,1.0,3.0
Silly,Male_Silly 01,101.0,94.0,93.0,114.0,116.0,117.0,6.0,7.0,13.0,9.0,14.0,10.0,8.0,7.0,1.0,3.0,2.0,1.0
Silly,Male_Silly 02,101.0,78.0,73.0,115.0,165.0,195.0,6.0,8.0,29.0,58.0,34.0,88.0,28.0,23.0,5.0,80.0,50.0,30.0
Silly,Male_Silly 03,100.0,81.0,71.0,116.0,126.0,126.0,7.0,9.0,26.0,19.0,36.0,19.0,29.0,19.0,10.0,10.0,10.0,0.0
Silly,Male_Silly 04,98.0,88.0,85.0,116.0,153.0,153.0,9.0,9.0,19.0,46.0,22.0,46.0,13.0,10.0,3.0,37.0,37.0,0.0
Silly,Male_Silly 05,101.0,86.0,86.0,114.0,115.0,115.0,6.0,7.0,21.0,8.0,21.0,8.0,15.0,15.0,0.0,1.0,1.0,0.0
Sleepy,Male_Sleepy,101.0,67.0,67.0,113.0,131.0,134.0,6.0,6.0,40.0,24.0,40.0,27.0,34.0,34.0,0.0,21.0,18.0,3.0
Sleepy,Male_Sleepy 01,102.0,55.0,27.0,116.0,186.0,189.0,5.0,9.0,52.0,79.0,80.0,82.0,75.0,47.0,28.0,73.0,70.0,3.0
Sleepy,Male_Sleepy 02,99.0,96.0,94.0,116.0,114.0,117.0,8.0,9.0,11.0,7.0,13.0,10.0,5.0,3.0,2.0,1.0,-2.0,3.0
Sleepy,Male_Sleepy 03,100.0,93.0,92.0,115.0,118.0,123.0,7.0,8.0,14.0,11.0,15.0,16.0,8.0,7.0,1.0,8.0,3.0,5.0
Sleepy,Male_Sleepy 04,99.0,93.0,91.0,115.0,128.0,135.0,8.0,8.0,14.0,21.0,16.0,28.0,8.0,6.0,2.0,20.0,13.0,7.0
Sleepy,Male_Sleepy 05,101.0,98.0,94.0,114.0,116.0,117.0,6.0,7.0,9.0,9.0,13.0,10.0,7.0,3.0,4.0,3.0,2.0,1.0
Straining,Male_Straining,101.0,102.0,95.0,108.0,119.0,119.0,6.0,1.0,5.0,12.0,12.0,12.0,6.0,-1.0,7.0,11.0,11.0,0.0
Subtle,Male_Subtle 01,100.0,100.0,98.0,115.0,116.0,116.0,7.0,8.0,7.0,9.0,9.0,9.0,2.0,0.0,2.0,1.0,1.0,0.0
Subtle,Male_Subtle 02,100.0,107.0,97.0,114.0,109.0,116.0,7.0,7.0,0.0,2.0,10.0,9.0,3.0,-7.0,10.0,2.0,-5.0,7.0
Subtle,Male_Subtle 03,100.0,100.0,98.0,114.0,109.0,117.0,7.0,7.0,7.0,2.0,9.0,10.0,2.0,0.0,2.0,3.0,-5.0,8.0
Subtle,Male_Subtle 04,101.0,104.0,100.0,113.0,114.0,115.0,6.0,6.0,3.0,7.0,7.0,8.0,1.0,-3.0,4.0,2.0,1.0,1.0
Subtle,Male_Subtle 05,100.0,98.0,95.0,116.0,117.0,117.0,7.0,9.0,9.0,10.0,12.0,10.0,5.0,2.0,3.0,1.0,1.0,0.0
Talking,Male_Talking 01,100.0,99.0,94.0,116.0,123.0,123.0,7.0,9.0,8.0,16.0,13.0,16.0,6.0,1.0,5.0,7.0,7.0,0.0
Talking,Male_Talking 02,100.0,94.0,94.0,115.0,121.0,123.0,7.0,8.0,13.0,14.0,13.0,16.0,6.0,6.0,0.0,8.0,6.0,2.0
Talking,Male_Talking 03,102.0,97.0,97.0,112.0,118.0,118.0,5.0,5.0,10.0,11.0,10.0,11.0,5.0,5.0,0.0,6.0,6.0,0.0
Talking,Male_Talking 04,101.0,98.0,96.0,117.0,128.0,131.0,6.0,10.0,9.0,21.0,11.0,24.0,5.0,3.0,2.0,14.0,11.0,3.0
Talking,Male_Talking 05,101.0,98.0,97.0,115.0,119.0,119.0,6.0,8.0,9.0,12.0,10.0,12.0,4.0,3.0,1.0,4.0,4.0,0.0
Terror,Male_Terror,103.0,86.0,84.0,112.0,136.0,136.0,4.0,5.0,21.0,29.0,23.0,29.0,19.0,17.0,2.0,24.0,24.0,0.0
Terror Phobia,Male_Terror Phobia,100.0,92.0,92.0,111.0,124.0,124.0,7.0,4.0,15.0,17.0,15.0,17.0,8.0,8.0,0.0,13.0,13.0,0.0
Ulgh,Male_Ulgh,102.0,89.0,89.0,114.0,123.0,123.0,5.0,7.0,18.0,16.0,18.0,16.0,13.0,13.0,0.0,9.0,9.0,0.0
Wicked,Male_Wicked 01,101.0,91.0,89.0,114.0,132.0,135.0,6.0,7.0,16.0,25.0,18.0,28.0,12.0,10.0,2.0,21.0,18.0,3.0
Wicked,Male_Wicked 02,101.0,94.0,92.0,113.0,137.0,140.0,6.0,6.0,13.0,30.0,15.0,33.0,9.0,7.0,2.0,27.0,24.0,3.0
Wicked,Male_Wicked 03,102.0,84.0,70.0,113.0,135.0,136.0,5.0,6.0,23.0,28.0,37.0,29.0,32.0,18.0,14.0,23.0,22.0,1.0
Wicked,Male_Wicked 04,102.0,93.0,90.0,114.0,115.0,118.0,5.0,7.0,14.0,8.0,17.0,11.0,12.0,9.0,3.0,4.0,1.0,3.0
Wicked,Male_Wicked 05,102.0,91.0,91.0,114.0,116.0,117.0,5.0,7.0,16.0,9.0,16.0,10.0,11.0,11.0,0.0,3.0,2.0,1.0
Wink,Male_Wink,100.0,37.0,37.0,116.0,123.0,125.0,7.0,9.0,70.0,16.0,70.0,18.0,63.0,63.0,0.0,9.0,7.0,2.0
With Forehead Wrinkles Angry,Male_With Forehead Wrinkles Angry 01,102.0,107.0,100.0,114.0,110.0,118.0,5.0,7.0,0.0,3.0,7.0,11.0,2.0,-5.0,7.0,4.0,-4.0,8.0
With Forehead Wrinkles Angry,Male_With Forehead Wrinkles Angry 02,101.0,101.0,92.0,115.0,117.0,122.0,6.0,8.0,6.0,10.0,15.0,15.0,9.0,0.0,9.0,7.0,2.0,5.0
With Forehead Wrinkles Angry,Male_With Forehead Wrinkles Angry 03,101.0,95.0,90.0,114.0,122.0,122.0,6.0,7.0,12.0,15.0,17.0,15.0,11.0,6.0,5.0,8.0,8.0,0.0
With Forehead Wrinkles Angry,Male_With Forehead Wrinkles Angry 04,100.0,95.0,90.0,114.0,121.0,121.0,7.0,7.0,12.0,14.0,17.0,14.0,10.0,5.0,5.0,7.0,7.0,0.0
With Forehead Wrinkles Angry,Male_With Forehead Wrinkles Angry 05,100.0,100.0,73.0,114.0,147.0,147.0,7.0,7.0,7.0,40.0,34.0,40.0,27.0,0.0,27.0,33.0,33.0,0.0
ZMouth Open Horizontal,Male_ZMouth Open Horizontal,101.0,95.0,94.0,116.0,120.0,121.0,6.0,9.0,12.0,13.0,13.0,14.0,7.0,6.0,1.0,5.0,4.0,1.0
ZMouth Open Horizontal And Vertical,Male_ZMouth Open Horizontal And Vertical,96.0,75.0,72.0,116.0,130.0,134.0,11.0,9.0,32.0,23.0,35.0,27.0,24.0,21.0,3.0,18.0,14.0,4.0
ZZ_Bearded,Male_ZZ_Bearded,102.0,93.0,76.0,113.0,128.0,128.0,5.0,6.0,14.0,21.0,31.0,21.0,26.0,9.0,17.0,15.0,15.0,0.0
ZZ_Cavalier,Male_ZZ_Cavalier,101.0,77.0,50.0,115.0,143.0,163.0,6.0,8.0,30.0,36.0,57.0,56.0,51.0,24.0,27.0,48.0,28.0,20.0
ZZ_Dapper,Male_ZZ_Dapper,101.0,89.0,89.0,114.0,125.0,126.0,6.0,7.0,18.0,18.0,18.0,19.0,12.0,12.0,0.0,12.0,11.0,1.0
ZZ_Flynn,Male_ZZ_Flynn,101.0,86.0,86.0,115.0,124.0,126.0,6.0,8.0,21.0,17.0,21.0,19.0,15.0,15.0,0.0,11.0,9.0,2.0
ZZ_Franz Josef,Male_ZZ_Franz Josef,101.0,97.0,94.0,113.0,115.0,118.0,6.0,6.0,10.0,8.0,13.0,11.0,7.0,4.0,3.0,5.0,2.0,3.0
ZZ_Friendly Mutton Chops,Male_ZZ_Friendly Mutton Chops,101.0,81.0,73.0,113.0,129.0,130.0,6.0,6.0,26.0,22.0,34.0,23.0,28.0,20.0,8.0,17.0,16.0,1.0
ZZ_Fu Manchu,Male_ZZ_Fu Manchu,101.0,92.0,92.0,115.0,120.0,120.0,6.0,8.0,15.0,13.0,15.0,13.0,9.0,9.0,0.0,5.0,5.0,0.0
ZZ_Fu Manchu Goatee,Male_ZZ_Fu Manchu Goatee,101.0,86.0,85.0,114.0,134.0,134.0,6.0,7.0,21.0,27.0,22.0,27.0,16.0,15.0,1.0,20.0,20.0,0.0
ZZ_Full Beard,Male_ZZ_Full Beard,99.0,94.0,93.0,116.0,119.0,121.0,8.0,9.0,13.0,12.0,14.0,14.0,6.0,5.0,1.0,5.0,3.0,2.0
ZZ_Goatee,Male_ZZ_Goatee,101.0,85.0,85.0,114.0,123.0,125.0,6.0,7.0,22.0,16.0,22.0,18.0,16.0,16.0,0.0,11.0,9.0,2.0
ZZ_Grizzly Beard,Male_ZZ_Grizzly Beard,99.0,,,116.0,,,8.0,9.0,,,,,,,,,,
ZZ_Mutton Chops,Male_ZZ_Mutton Chops,102.0,95.0,82.0,113.0,121.0,125.0,5.0,6.0,12.0,14.0,25.0,18.0,20.0,7.0,13.0,12.0,8.0,4.0
ZZ_Napoleon III,Male_ZZ_Napoleon III,101.0,51.0,50.0,114.0,182.0,182.0,6.0,7.0,56.0,75.0,57.0,75.0,51.0,50.0,1.0,68.0,68.0,0.0
ZZ_Officer,Male_ZZ_Officer,101.0,87.0,86.0,114.0,124.0,125.0,6.0,7.0,20.0,17.0,21.0,18.0,15.0,14.0,1.0,11.0,10.0,1.0
ZZ_Pioneer,Male_ZZ_Pioneer,101.0,87.0,62.0,113.0,150.0,150.0,6.0,6.0,20.0,43.0,45.0,43.0,39.0,14.0,25.0,37.0,37.0,0.0
ZZ_Stubbled,Male_ZZ_Stubbled,102.0,86.0,85.0,114.0,176.0,177.0,5.0,7.0,21.0,69.0,22.0,70.0,17.0,16.0,1.0,63.0,62.0,1.0
