identity,side,expression,n_sequences,n_valid_A_B,primary_eligible,A_before_B,A_before_B_percent,ci_low,ci_high,median_lead,mean_lead,positive_lead_percent
Female,left,+10,1,1,False,1.0,100.0,0.20654329147389294,1.0,54.0,54.0,100.0
Female,left,+20,1,1,False,1.0,100.0,0.20654329147389294,1.0,8.0,8.0,100.0
Female,left,+20_ZMouth Open Horizontal And Vertical,1,1,False,1.0,100.0,0.20654329147389294,1.0,26.0,26.0,100.0
Female,left,+30,1,1,False,1.0,100.0,0.20654329147389294,1.0,61.0,61.0,100.0
Female,left,+40,1,1,False,1.0,100.0,0.20654329147389294,1.0,61.0,61.0,100.0
Female,left,+50,1,1,False,1.0,100.0,0.20654329147389294,1.0,19.0,19.0,100.0
Female,left,+50_ZMouth Open Horizontal And Vertical,1,1,False,1.0,100.0,0.20654329147389294,1.0,60.0,60.0,100.0
Female,left,-10,1,1,False,1.0,100.0,0.20654329147389294,1.0,12.0,12.0,100.0
Female,left,-10_ZMouth Open Horizontal And Vertical,1,1,False,1.0,100.0,0.20654329147389294,1.0,15.0,15.0,100.0
Female,left,-20,1,1,False,1.0,100.0,0.20654329147389294,1.0,6.0,6.0,100.0
Female,left,-20_ZMouth Open Horizontal And Vertical,1,1,False,1.0,100.0,0.20654329147389294,1.0,27.0,27.0,100.0
Female,left,-30,1,1,False,1.0,100.0,0.20654329147389294,1.0,52.0,52.0,100.0
Female,left,-40,1,1,False,1.0,100.0,0.20654329147389294,1.0,64.0,64.0,100.0
Female,left,-50,1,1,False,1.0,100.0,0.20654329147389294,1.0,10.0,10.0,100.0
Female,left,-60,1,1,False,1.0,100.0,0.20654329147389294,1.0,19.0,19.0,100.0
Female,left,0,1,1,False,1.0,100.0,0.20654329147389294,1.0,21.0,21.0,100.0
Female,left,Angry,5,5,True,1.0,100.0,0.5655085052479191,1.0,17.0,23.2,100.0
Female,left,Anguish,1,1,False,1.0,100.0,0.20654329147389294,1.0,5.0,5.0,100.0
Female,left,Animosity Growl,1,1,False,1.0,100.0,0.20654329147389294,1.0,57.0,57.0,100.0
Female,left,Animosity Rebellious,1,1,False,1.0,100.0,0.20654329147389294,1.0,22.0,22.0,100.0
Female,left,Bored,5,5,True,1.0,100.0,0.5655085052479191,1.0,5.0,5.4,100.0
Female,left,BreathTaking Over The Moon,1,1,False,1.0,100.0,0.20654329147389294,1.0,55.0,55.0,100.0
Female,left,Chewing,1,1,False,1.0,100.0,0.20654329147389294,1.0,8.0,8.0,100.0
Female,left,Choking,1,1,False,1.0,100.0,0.20654329147389294,1.0,13.0,13.0,100.0
Female,left,Coughing,1,1,False,1.0,100.0,0.20654329147389294,1.0,54.0,54.0,100.0
Female,left,Crazed,1,1,False,1.0,100.0,0.20654329147389294,1.0,22.0,22.0,100.0
Female,left,Crying,1,1,False,1.0,100.0,0.20654329147389294,1.0,5.0,5.0,100.0
Female,left,Cute,5,5,True,1.0,100.0,0.5655085052479191,1.0,9.0,8.2,100.0
Female,left,Despise,5,5,True,1.0,100.0,0.5655085052479191,1.0,13.0,12.2,100.0
Female,left,Determined,1,1,False,1.0,100.0,0.20654329147389294,1.0,11.0,11.0,100.0
Female,left,Distrust,5,5,True,1.0,100.0,0.5655085052479191,1.0,2.0,5.2,100.0
Female,left,Empathy,5,5,True,0.8,80.0,0.3755282641185388,0.9637768390302125,3.0,3.8,80.0
Female,left,Expressions Anger,5,5,True,1.0,100.0,0.5655085052479191,1.0,11.0,8.6,100.0
Female,left,Expressions Confusion,5,5,True,0.8,80.0,0.3755282641185388,0.9637768390302125,2.0,6.4,80.0
Female,left,Expressions Contempt,5,5,True,0.8,80.0,0.3755282641185388,0.9637768390302125,10.0,9.4,80.0
Female,left,Expressions Desire,5,5,True,0.8,80.0,0.3755282641185388,0.9637768390302125,11.0,15.0,80.0
Female,left,Expressions Disgust,5,5,True,1.0,100.0,0.5655085052479191,1.0,16.0,13.8,100.0
Female,left,Expressions Excitement,5,5,True,1.0,100.0,0.5655085052479191,1.0,16.0,13.4,100.0
Female,left,Expressions Fear,5,5,True,1.0,100.0,0.5655085052479191,1.0,9.0,8.0,100.0
Female,left,Expressions Happiness,5,5,True,1.0,100.0,0.5655085052479191,1.0,16.0,15.8,100.0
Female,left,Expressions Sadness,5,5,True,0.8,80.0,0.3755282641185388,0.9637768390302125,13.0,14.0,80.0
Female,left,Expressions Surprise,5,5,True,1.0,100.0,0.5655085052479191,1.0,16.0,22.6,100.0
Female,left,Eyeglasses,1,1,False,1.0,100.0,0.20654329147389294,1.0,81.0,81.0,100.0
Female,left,Fear,5,5,True,1.0,100.0,0.5655085052479191,1.0,17.0,25.6,100.0
Female,left,Fierce Cutthroat,1,1,False,1.0,100.0,0.20654329147389294,1.0,13.0,13.0,100.0
Female,left,Fierce Fiery,1,1,False,1.0,100.0,0.20654329147389294,1.0,10.0,10.0,100.0
Female,left,Fierce Savage,1,1,False,1.0,100.0,0.20654329147389294,1.0,14.0,14.0,100.0
Female,left,Happy,5,5,True,1.0,100.0,0.5655085052479191,1.0,9.0,9.2,100.0
Female,left,Happy Elated,1,1,False,1.0,100.0,0.20654329147389294,1.0,13.0,13.0,100.0
Female,left,Happy Perky,1,1,False,1.0,100.0,0.20654329147389294,1.0,16.0,16.0,100.0
Female,left,Happy So Peaceful,1,1,False,1.0,100.0,0.20654329147389294,1.0,37.0,37.0,100.0
Female,left,Humiliated,1,1,False,1.0,100.0,0.20654329147389294,1.0,12.0,12.0,100.0
Female,left,Insanity Deranged,1,1,False,1.0,100.0,0.20654329147389294,1.0,35.0,35.0,100.0
Female,left,Insanity Go Cuckoo,1,1,False,1.0,100.0,0.20654329147389294,1.0,12.0,12.0,100.0
Female,left,Insanity Going Crazy,1,1,False,1.0,100.0,0.20654329147389294,1.0,12.0,12.0,100.0
Female,left,Insanity Hostile,1,1,False,1.0,100.0,0.20654329147389294,1.0,47.0,47.0,100.0
Female,left,Insanity Lunatic,1,1,False,1.0,100.0,0.20654329147389294,1.0,7.0,7.0,100.0
Female,left,Joy,5,5,True,1.0,100.0,0.5655085052479191,1.0,30.0,26.0,100.0
Female,left,Judgemental,5,5,True,1.0,100.0,0.5655085052479191,1.0,5.0,8.4,100.0
Female,left,Nervous,1,1,False,1.0,100.0,0.20654329147389294,1.0,9.0,9.0,100.0
Female,left,Pain,5,5,True,1.0,100.0,0.5655085052479191,1.0,12.0,26.4,100.0
Female,left,Pain Illness,1,1,False,1.0,100.0,0.20654329147389294,1.0,34.0,34.0,100.0
Female,left,Playful,5,5,True,1.0,100.0,0.5655085052479191,1.0,7.0,6.8,100.0
Female,left,Pleasure Oo So Funny,1,1,False,1.0,100.0,0.20654329147389294,1.0,3.0,3.0,100.0
Female,left,Romantic,5,5,True,1.0,100.0,0.5655085052479191,1.0,2.0,7.0,100.0
Female,left,S Wink,1,1,False,1.0,100.0,0.20654329147389294,1.0,51.0,51.0,100.0
Female,left,Sad,5,5,True,0.8,80.0,0.3755282641185388,0.9637768390302125,3.0,4.6,80.0
Female,left,Scream,1,1,False,1.0,100.0,0.20654329147389294,1.0,4.0,4.0,100.0
Female,left,Seriousness,5,5,True,0.6,60.0,0.23071993220883708,0.8823817688407467,7.0,5.8,60.0
Female,left,Silly,5,5,True,1.0,100.0,0.5655085052479191,1.0,20.0,17.8,100.0
Female,left,Sleepy,6,6,True,0.8333333333333334,83.33333333333334,0.43649056343635395,0.9699474141282697,16.0,21.0,83.33333333333334
Female,left,Subtle,4,4,False,0.5,50.0,0.15003570882017148,0.8499642911798285,0.5,1.25,50.0
Female,left,Talking,5,5,True,1.0,100.0,0.5655085052479191,1.0,8.0,13.4,100.0
Female,left,Terror,1,1,False,1.0,100.0,0.20654329147389294,1.0,27.0,27.0,100.0
Female,left,Terror Phobia,1,1,False,1.0,100.0,0.20654329147389294,1.0,13.0,13.0,100.0
Female,left,Ulgh,1,1,False,1.0,100.0,0.20654329147389294,1.0,56.0,56.0,100.0
Female,left,Wicked,5,5,True,0.6,60.0,0.23071993220883708,0.8823817688407467,11.0,7.0,60.0
Female,left,Wink,1,1,False,1.0,100.0,0.20654329147389294,1.0,57.0,57.0,100.0
Female,left,With Forehead Wrinkles Angry,5,5,True,1.0,100.0,0.5655085052479191,1.0,11.0,15.0,100.0
Female,left,ZMouth Open Horizontal,1,1,False,1.0,100.0,0.20654329147389294,1.0,2.0,2.0,100.0
Female,left,ZMouth Open Horizontal And Vertical,1,1,False,1.0,100.0,0.20654329147389294,1.0,14.0,14.0,100.0
Female,right,+10,1,1,False,1.0,100.0,0.20654329147389294,1.0,52.0,52.0,100.0
Female,right,+20,1,1,False,1.0,100.0,0.20654329147389294,1.0,16.0,16.0,100.0
Female,right,+20_ZMouth Open Horizontal And Vertical,1,1,False,1.0,100.0,0.20654329147389294,1.0,31.0,31.0,100.0
Female,right,+30,1,1,False,1.0,100.0,0.20654329147389294,1.0,65.0,65.0,100.0
Female,right,+40,1,1,False,1.0,100.0,0.20654329147389294,1.0,70.0,70.0,100.0
Female,right,+50,1,1,False,1.0,100.0,0.20654329147389294,1.0,17.0,17.0,100.0
Female,right,+50_ZMouth Open Horizontal And Vertical,1,1,False,1.0,100.0,0.20654329147389294,1.0,63.0,63.0,100.0
Female,right,-10,1,1,False,1.0,100.0,0.20654329147389294,1.0,13.0,13.0,100.0
Female,right,-10_ZMouth Open Horizontal And Vertical,1,1,False,1.0,100.0,0.20654329147389294,1.0,18.0,18.0,100.0
Female,right,-20,1,1,False,1.0,100.0,0.20654329147389294,1.0,8.0,8.0,100.0
Female,right,-20_ZMouth Open Horizontal And Vertical,1,1,False,1.0,100.0,0.20654329147389294,1.0,28.0,28.0,100.0
Female,right,-30,1,1,False,1.0,100.0,0.20654329147389294,1.0,53.0,53.0,100.0
Female,right,-40,1,1,False,1.0,100.0,0.20654329147389294,1.0,59.0,59.0,100.0
Female,right,-50,1,1,False,1.0,100.0,0.20654329147389294,1.0,11.0,11.0,100.0
Female,right,-60,1,1,False,1.0,100.0,0.20654329147389294,1.0,19.0,19.0,100.0
Female,right,0,1,1,False,1.0,100.0,0.20654329147389294,1.0,26.0,26.0,100.0
Female,right,Angry,5,5,True,1.0,100.0,0.5655085052479191,1.0,12.0,17.0,100.0
Female,right,Anguish,1,1,False,1.0,100.0,0.20654329147389294,1.0,21.0,21.0,100.0
Female,right,Animosity Growl,1,1,False,1.0,100.0,0.20654329147389294,1.0,60.0,60.0,100.0
Female,right,Animosity Rebellious,1,1,False,1.0,100.0,0.20654329147389294,1.0,23.0,23.0,100.0
Female,right,Bored,5,5,True,0.8,80.0,0.3755282641185388,0.9637768390302125,19.0,13.2,80.0
Female,right,BreathTaking Over The Moon,1,1,False,1.0,100.0,0.20654329147389294,1.0,81.0,81.0,100.0
Female,right,Chewing,1,1,False,1.0,100.0,0.20654329147389294,1.0,17.0,17.0,100.0
Female,right,Choking,1,1,False,1.0,100.0,0.20654329147389294,1.0,7.0,7.0,100.0
Female,right,Coughing,1,1,False,1.0,100.0,0.20654329147389294,1.0,55.0,55.0,100.0
Female,right,Crazed,1,1,False,1.0,100.0,0.20654329147389294,1.0,51.0,51.0,100.0
Female,right,Crying,1,1,False,1.0,100.0,0.20654329147389294,1.0,8.0,8.0,100.0
Female,right,Cute,5,5,True,1.0,100.0,0.5655085052479191,1.0,10.0,10.0,100.0
Female,right,Despise,5,5,True,0.8,80.0,0.3755282641185388,0.9637768390302125,8.0,7.6,80.0
Female,right,Determined,1,1,False,1.0,100.0,0.20654329147389294,1.0,14.0,14.0,100.0
Female,right,Distrust,5,5,True,0.8,80.0,0.3755282641185388,0.9637768390302125,2.0,5.4,80.0
Female,right,Empathy,5,5,True,1.0,100.0,0.5655085052479191,1.0,8.0,9.4,100.0
Female,right,Expressions Anger,5,5,True,0.6,60.0,0.23071993220883708,0.8823817688407467,2.0,0.8,60.0
Female,right,Expressions Confusion,5,5,True,0.6,60.0,0.23071993220883708,0.8823817688407467,1.0,2.6,60.0
Female,right,Expressions Contempt,5,5,True,0.6,60.0,0.23071993220883708,0.8823817688407467,10.0,9.2,60.0
Female,right,Expressions Desire,5,5,True,0.8,80.0,0.3755282641185388,0.9637768390302125,10.0,10.8,80.0
Female,right,Expressions Disgust,5,5,True,0.8,80.0,0.3755282641185388,0.9637768390302125,9.0,9.6,80.0
Female,right,Expressions Excitement,5,5,True,0.4,40.0,0.1176182311592533,0.769280067791163,-2.0,3.2,40.0
Female,right,Expressions Fear,5,5,True,0.4,40.0,0.1176182311592533,0.769280067791163,0.0,1.8,40.0
Female,right,Expressions Happiness,5,5,True,0.6,60.0,0.23071993220883708,0.8823817688407467,3.0,2.8,60.0
Female,right,Expressions Sadness,5,5,True,0.4,40.0,0.1176182311592533,0.769280067791163,0.0,5.0,40.0
Female,right,Expressions Surprise,5,5,True,1.0,100.0,0.5655085052479191,1.0,11.0,15.4,100.0
Female,right,Eyeglasses,1,1,False,1.0,100.0,0.20654329147389294,1.0,83.0,83.0,100.0
Female,right,Fear,5,5,True,1.0,100.0,0.5655085052479191,1.0,19.0,20.6,100.0
Female,right,Fierce Cutthroat,1,1,False,1.0,100.0,0.20654329147389294,1.0,16.0,16.0,100.0
Female,right,Fierce Fiery,1,1,False,1.0,100.0,0.20654329147389294,1.0,11.0,11.0,100.0
Female,right,Fierce Savage,1,1,False,1.0,100.0,0.20654329147389294,1.0,77.0,77.0,100.0
Female,right,Happy,5,5,True,1.0,100.0,0.5655085052479191,1.0,9.0,9.4,100.0
Female,right,Happy Elated,1,1,False,1.0,100.0,0.20654329147389294,1.0,29.0,29.0,100.0
Female,right,Happy Perky,1,1,False,1.0,100.0,0.20654329147389294,1.0,23.0,23.0,100.0
Female,right,Happy So Peaceful,1,1,False,1.0,100.0,0.20654329147389294,1.0,40.0,40.0,100.0
Female,right,Humiliated,1,1,False,1.0,100.0,0.20654329147389294,1.0,24.0,24.0,100.0
Female,right,Insanity Deranged,1,1,False,1.0,100.0,0.20654329147389294,1.0,79.0,79.0,100.0
Female,right,Insanity Go Cuckoo,1,1,False,1.0,100.0,0.20654329147389294,1.0,14.0,14.0,100.0
Female,right,Insanity Going Crazy,1,1,False,1.0,100.0,0.20654329147389294,1.0,18.0,18.0,100.0
Female,right,Insanity Hostile,1,1,False,1.0,100.0,0.20654329147389294,1.0,60.0,60.0,100.0
Female,right,Insanity Lunatic,1,1,False,1.0,100.0,0.20654329147389294,1.0,18.0,18.0,100.0
Female,right,Joy,5,5,True,0.8,80.0,0.3755282641185388,0.9637768390302125,22.0,21.2,80.0
Female,right,Judgemental,5,5,True,1.0,100.0,0.5655085052479191,1.0,9.0,13.0,100.0
Female,right,Nervous,1,1,False,1.0,100.0,0.20654329147389294,1.0,2.0,2.0,100.0
Female,right,Pain,5,5,True,1.0,100.0,0.5655085052479191,1.0,23.0,29.2,100.0
Female,right,Pain Illness,1,1,False,1.0,100.0,0.20654329147389294,1.0,53.0,53.0,100.0
Female,right,Playful,5,5,True,1.0,100.0,0.5655085052479191,1.0,14.0,12.2,100.0
Female,right,Pleasure Oo So Funny,1,1,False,1.0,100.0,0.20654329147389294,1.0,5.0,5.0,100.0
Female,right,Romantic,5,5,True,0.6,60.0,0.23071993220883708,0.8823817688407467,13.0,11.2,60.0
Female,right,S Wink,1,1,False,1.0,100.0,0.20654329147389294,1.0,50.0,50.0,100.0
Female,right,Sad,5,5,True,1.0,100.0,0.5655085052479191,1.0,8.0,12.6,100.0
Female,right,Scream,1,1,False,1.0,100.0,0.20654329147389294,1.0,13.0,13.0,100.0
Female,right,Seriousness,5,5,True,0.8,80.0,0.3755282641185388,0.9637768390302125,2.0,1.6,80.0
Female,right,Silly,5,5,True,1.0,100.0,0.5655085052479191,1.0,22.0,25.2,100.0
Female,right,Sleepy,6,6,True,1.0,100.0,0.6096569663469354,0.9999999999999999,12.0,20.666666666666668,100.0
Female,right,Subtle,4,4,False,0.5,50.0,0.15003570882017148,0.8499642911798285,0.5,0.75,50.0
Female,right,Talking,5,5,True,1.0,100.0,0.5655085052479191,1.0,11.0,11.4,100.0
Female,right,Terror,1,1,False,1.0,100.0,0.20654329147389294,1.0,25.0,25.0,100.0
Female,right,Terror Phobia,1,1,False,1.0,100.0,0.20654329147389294,1.0,19.0,19.0,100.0
Female,right,Ulgh,1,1,False,1.0,100.0,0.20654329147389294,1.0,60.0,60.0,100.0
Female,right,Wicked,5,5,True,0.8,80.0,0.3755282641185388,0.9637768390302125,15.0,12.0,80.0
Female,right,Wink,1,1,False,1.0,100.0,0.20654329147389294,1.0,20.0,20.0,100.0
Female,right,With Forehead Wrinkles Angry,5,5,True,0.8,80.0,0.3755282641185388,0.9637768390302125,11.0,10.0,80.0
Female,right,ZMouth Open Horizontal,1,1,False,1.0,100.0,0.20654329147389294,1.0,7.0,7.0,100.0
Female,right,ZMouth Open Horizontal And Vertical,1,1,False,1.0,100.0,0.20654329147389294,1.0,13.0,13.0,100.0
Male,left,+10,1,1,False,1.0,100.0,0.20654329147389294,1.0,11.0,11.0,100.0
Male,left,+20,1,1,False,1.0,100.0,0.20654329147389294,1.0,11.0,11.0,100.0
Male,left,+20_ZMouth Open Horizontal And Vertical,1,1,False,1.0,100.0,0.20654329147389294,1.0,31.0,31.0,100.0
Male,left,+30,1,1,False,1.0,100.0,0.20654329147389294,1.0,23.0,23.0,100.0
Male,left,+40,1,1,False,1.0,100.0,0.20654329147389294,1.0,7.0,7.0,100.0
Male,left,+50,1,1,False,1.0,100.0,0.20654329147389294,1.0,62.0,62.0,100.0
Male,left,+50_ZMouth Open Horizontal And Vertical,1,1,False,1.0,100.0,0.20654329147389294,1.0,33.0,33.0,100.0
Male,left,-10,1,1,False,1.0,100.0,0.20654329147389294,1.0,11.0,11.0,100.0
Male,left,-10_ZMouth Open Horizontal And Vertical,1,1,False,1.0,100.0,0.20654329147389294,1.0,12.0,12.0,100.0
Male,left,-20,1,1,False,1.0,100.0,0.20654329147389294,1.0,18.0,18.0,100.0
Male,left,-20_ZMouth Open Horizontal And Vertical,1,1,False,1.0,100.0,0.20654329147389294,1.0,54.0,54.0,100.0
Male,left,-30,1,1,False,0.0,0.0,0.0,0.7934567085261071,0.0,0.0,0.0
Male,left,-40,1,1,False,1.0,100.0,0.20654329147389294,1.0,10.0,10.0,100.0
Male,left,-50,1,1,False,1.0,100.0,0.20654329147389294,1.0,67.0,67.0,100.0
Male,left,-60,1,1,False,1.0,100.0,0.20654329147389294,1.0,12.0,12.0,100.0
Male,left,0,1,1,False,1.0,100.0,0.20654329147389294,1.0,9.0,9.0,100.0
Male,left,Angry,5,5,True,1.0,100.0,0.5655085052479191,1.0,7.0,11.8,100.0
Male,left,Anguish,1,1,False,1.0,100.0,0.20654329147389294,1.0,3.0,3.0,100.0
Male,left,Animosity Growl,1,1,False,0.0,0.0,0.0,0.7934567085261071,-6.0,-6.0,0.0
Male,left,Animosity Rebellious,1,1,False,1.0,100.0,0.20654329147389294,1.0,38.0,38.0,100.0
Male,left,Bored,4,4,False,1.0,100.0,0.5100999795960008,1.0,3.0,3.0,100.0
Male,left,BreathTaking Over The Moon,1,1,False,0.0,0.0,0.0,0.7934567085261071,-2.0,-2.0,0.0
Male,left,Chewing,1,1,False,1.0,100.0,0.20654329147389294,1.0,4.0,4.0,100.0
Male,left,Choking,1,1,False,1.0,100.0,0.20654329147389294,1.0,15.0,15.0,100.0
Male,left,Coughing,1,1,False,0.0,0.0,0.0,0.7934567085261071,0.0,0.0,0.0
Male,left,Crazed,1,1,False,1.0,100.0,0.20654329147389294,1.0,42.0,42.0,100.0
Male,left,Crying,1,1,False,1.0,100.0,0.20654329147389294,1.0,4.0,4.0,100.0
Male,left,Cute,5,5,True,1.0,100.0,0.5655085052479191,1.0,4.0,5.0,100.0
Male,left,Despise,5,5,True,0.8,80.0,0.3755282641185388,0.9637768390302125,5.0,8.4,80.0
Male,left,Determined,1,1,False,1.0,100.0,0.20654329147389294,1.0,2.0,2.0,100.0
Male,left,Distrust,5,5,True,0.8,80.0,0.3755282641185388,0.9637768390302125,1.0,3.4,80.0
Male,left,Empathy,5,5,True,1.0,100.0,0.5655085052479191,1.0,3.0,3.0,100.0
Male,left,Expressions Anger,5,5,True,1.0,100.0,0.5655085052479191,1.0,12.0,13.0,100.0
Male,left,Expressions Confusion,5,5,True,1.0,100.0,0.5655085052479191,1.0,10.0,10.8,100.0
Male,left,Expressions Contempt,5,5,True,1.0,100.0,0.5655085052479191,1.0,15.0,10.8,100.0
Male,left,Expressions Desire,5,5,True,1.0,100.0,0.5655085052479191,1.0,7.0,23.0,100.0
Male,left,Expressions Disgust,5,5,True,1.0,100.0,0.5655085052479191,1.0,8.0,18.8,100.0
Male,left,Expressions Excitement,5,5,True,1.0,100.0,0.5655085052479191,1.0,7.0,8.4,100.0
Male,left,Expressions Fear,5,5,True,1.0,100.0,0.5655085052479191,1.0,8.0,6.2,100.0
Male,left,Expressions Happiness,5,5,True,1.0,100.0,0.5655085052479191,1.0,17.0,18.8,100.0
Male,left,Expressions Sadness,5,5,True,1.0,100.0,0.5655085052479191,1.0,10.0,9.0,100.0
Male,left,Expressions Surprise,5,5,True,1.0,100.0,0.5655085052479191,1.0,15.0,20.2,100.0
Male,left,Eyeglasses,1,1,False,1.0,100.0,0.20654329147389294,1.0,95.0,95.0,100.0
Male,left,Fear,5,5,True,1.0,100.0,0.5655085052479191,1.0,14.0,14.2,100.0
Male,left,Fierce Cutthroat,1,1,False,1.0,100.0,0.20654329147389294,1.0,23.0,23.0,100.0
Male,left,Fierce Fiery,1,1,False,1.0,100.0,0.20654329147389294,1.0,14.0,14.0,100.0
Male,left,Fierce Savage,1,1,False,1.0,100.0,0.20654329147389294,1.0,3.0,3.0,100.0
Male,left,Happy,5,5,True,1.0,100.0,0.5655085052479191,1.0,9.0,16.6,100.0
Male,left,Happy Elated,1,1,False,1.0,100.0,0.20654329147389294,1.0,12.0,12.0,100.0
Male,left,Happy Perky,1,1,False,1.0,100.0,0.20654329147389294,1.0,21.0,21.0,100.0
Male,left,Happy So Peaceful,1,1,False,1.0,100.0,0.20654329147389294,1.0,56.0,56.0,100.0
Male,left,Humiliated,1,1,False,1.0,100.0,0.20654329147389294,1.0,13.0,13.0,100.0
Male,left,Insanity Deranged,1,1,False,1.0,100.0,0.20654329147389294,1.0,10.0,10.0,100.0
Male,left,Insanity Go Cucko,1,1,False,1.0,100.0,0.20654329147389294,1.0,26.0,26.0,100.0
Male,left,Insanity Going Crazy,1,1,False,1.0,100.0,0.20654329147389294,1.0,27.0,27.0,100.0
Male,left,Insanity Hostile,1,1,False,1.0,100.0,0.20654329147389294,1.0,19.0,19.0,100.0
Male,left,Insanity Lunatic,1,1,False,1.0,100.0,0.20654329147389294,1.0,3.0,3.0,100.0
Male,left,Joy,5,5,True,1.0,100.0,0.5655085052479191,1.0,23.0,28.0,100.0
Male,left,Judgemental,5,5,True,1.0,100.0,0.5655085052479191,1.0,8.0,6.8,100.0
Male,left,Nervous,1,1,False,1.0,100.0,0.20654329147389294,1.0,9.0,9.0,100.0
Male,left,Pain,5,5,True,1.0,100.0,0.5655085052479191,1.0,13.0,21.0,100.0
Male,left,Pain Illness,1,1,False,1.0,100.0,0.20654329147389294,1.0,12.0,12.0,100.0
Male,left,Playful,5,5,True,1.0,100.0,0.5655085052479191,1.0,5.0,6.0,100.0
Male,left,Pleasure Oo So Funny,1,1,False,1.0,100.0,0.20654329147389294,1.0,12.0,12.0,100.0
Male,left,Romantic,5,5,True,1.0,100.0,0.5655085052479191,1.0,4.0,4.0,100.0
Male,left,S Wink,1,1,False,1.0,100.0,0.20654329147389294,1.0,47.0,47.0,100.0
Male,left,Sad,5,5,True,0.8,80.0,0.3755282641185388,0.9637768390302125,11.0,10.0,80.0
Male,left,Scream,1,1,False,1.0,100.0,0.20654329147389294,1.0,2.0,2.0,100.0
Male,left,Seriousness,5,5,True,1.0,100.0,0.5655085052479191,1.0,9.0,7.2,100.0
Male,left,Silly,5,5,True,1.0,100.0,0.5655085052479191,1.0,15.0,18.6,100.0
Male,left,Sleepy,6,6,True,1.0,100.0,0.6096569663469354,0.9999999999999999,8.0,22.833333333333332,100.0
Male,left,Straining,1,1,False,1.0,100.0,0.20654329147389294,1.0,6.0,6.0,100.0
Male,left,Subtle,5,5,True,1.0,100.0,0.5655085052479191,1.0,2.0,2.6,100.0
Male,left,Talking,5,5,True,1.0,100.0,0.5655085052479191,1.0,5.0,5.2,100.0
Male,left,Terror,1,1,False,1.0,100.0,0.20654329147389294,1.0,19.0,19.0,100.0
Male,left,Terror Phobia,1,1,False,1.0,100.0,0.20654329147389294,1.0,8.0,8.0,100.0
Male,left,Ulgh,1,1,False,1.0,100.0,0.20654329147389294,1.0,13.0,13.0,100.0
Male,left,Wicked,5,5,True,1.0,100.0,0.5655085052479191,1.0,12.0,15.2,100.0
Male,left,Wink,1,1,False,1.0,100.0,0.20654329147389294,1.0,63.0,63.0,100.0
Male,left,With Forehead Wrinkles Angry,5,5,True,1.0,100.0,0.5655085052479191,1.0,10.0,11.8,100.0
Male,left,ZMouth Open Horizontal,1,1,False,1.0,100.0,0.20654329147389294,1.0,7.0,7.0,100.0
Male,left,ZMouth Open Horizontal And Vertical,1,1,False,1.0,100.0,0.20654329147389294,1.0,24.0,24.0,100.0
Male,left,ZZ_Bearded,1,1,False,1.0,100.0,0.20654329147389294,1.0,26.0,26.0,100.0
Male,left,ZZ_Cavalier,1,1,False,1.0,100.0,0.20654329147389294,1.0,51.0,51.0,100.0
Male,left,ZZ_Dapper,1,1,False,1.0,100.0,0.20654329147389294,1.0,12.0,12.0,100.0
Male,left,ZZ_Flynn,1,1,False,1.0,100.0,0.20654329147389294,1.0,15.0,15.0,100.0
Male,left,ZZ_Franz Josef,1,1,False,1.0,100.0,0.20654329147389294,1.0,7.0,7.0,100.0
Male,left,ZZ_Friendly Mutton Chops,1,1,False,1.0,100.0,0.20654329147389294,1.0,28.0,28.0,100.0
Male,left,ZZ_Fu Manchu,1,1,False,1.0,100.0,0.20654329147389294,1.0,9.0,9.0,100.0
Male,left,ZZ_Fu Manchu Goatee,1,1,False,1.0,100.0,0.20654329147389294,1.0,16.0,16.0,100.0
Male,left,ZZ_Full Beard,1,1,False,1.0,100.0,0.20654329147389294,1.0,6.0,6.0,100.0
Male,left,ZZ_Goatee,1,1,False,1.0,100.0,0.20654329147389294,1.0,16.0,16.0,100.0
Male,left,ZZ_Grizzly Beard,1,0,False,,,,,,,
Male,left,ZZ_Mutton Chops,1,1,False,1.0,100.0,0.20654329147389294,1.0,20.0,20.0,100.0
Male,left,ZZ_Napoleon III,1,1,False,1.0,100.0,0.20654329147389294,1.0,51.0,51.0,100.0
Male,left,ZZ_Officer,1,1,False,1.0,100.0,0.20654329147389294,1.0,15.0,15.0,100.0
Male,left,ZZ_Pioneer,1,1,False,1.0,100.0,0.20654329147389294,1.0,39.0,39.0,100.0
Male,left,ZZ_Stubbled,1,1,False,1.0,100.0,0.20654329147389294,1.0,17.0,17.0,100.0
Male,right,+10,1,1,False,1.0,100.0,0.20654329147389294,1.0,15.0,15.0,100.0
Male,right,+20,1,1,False,1.0,100.0,0.20654329147389294,1.0,15.0,15.0,100.0
Male,right,+20_ZMouth Open Horizontal And Vertical,1,1,False,1.0,100.0,0.20654329147389294,1.0,33.0,33.0,100.0
Male,right,+30,1,1,False,1.0,100.0,0.20654329147389294,1.0,28.0,28.0,100.0
Male,right,+40,1,1,False,1.0,100.0,0.20654329147389294,1.0,11.0,11.0,100.0
Male,right,+50,1,1,False,1.0,100.0,0.20654329147389294,1.0,64.0,64.0,100.0
Male,right,+50_ZMouth Open Horizontal And Vertical,1,1,False,1.0,100.0,0.20654329147389294,1.0,43.0,43.0,100.0
Male,right,-10,1,1,False,1.0,100.0,0.20654329147389294,1.0,52.0,52.0,100.0
Male,right,-10_ZMouth Open Horizontal And Vertical,1,1,False,1.0,100.0,0.20654329147389294,1.0,10.0,10.0,100.0
Male,right,-20,1,1,False,1.0,100.0,0.20654329147389294,1.0,34.0,34.0,100.0
Male,right,-20_ZMouth Open Horizontal And Vertical,1,1,False,1.0,100.0,0.20654329147389294,1.0,46.0,46.0,100.0
Male,right,-30,1,1,False,1.0,100.0,0.20654329147389294,1.0,9.0,9.0,100.0
Male,right,-40,1,1,False,1.0,100.0,0.20654329147389294,1.0,12.0,12.0,100.0
Male,right,-50,1,1,False,1.0,100.0,0.20654329147389294,1.0,62.0,62.0,100.0
Male,right,-60,1,1,False,1.0,100.0,0.20654329147389294,1.0,19.0,19.0,100.0
Male,right,0,1,1,False,1.0,100.0,0.20654329147389294,1.0,16.0,16.0,100.0
Male,right,Angry,5,5,True,1.0,100.0,0.5655085052479191,1.0,18.0,14.6,100.0
Male,right,Anguish,1,1,False,1.0,100.0,0.20654329147389294,1.0,13.0,13.0,100.0
Male,right,Animosity Growl,1,1,False,1.0,100.0,0.20654329147389294,1.0,20.0,20.0,100.0
Male,right,Animosity Rebellious,1,1,False,1.0,100.0,0.20654329147389294,1.0,42.0,42.0,100.0
Male,right,Bored,4,4,False,0.75,75.0,0.3006360524426366,0.9544139373553637,4.0,5.75,75.0
Male,right,BreathTaking Over The Moon,1,1,False,1.0,100.0,0.20654329147389294,1.0,4.0,4.0,100.0
Male,right,Chewing,1,1,False,1.0,100.0,0.20654329147389294,1.0,2.0,2.0,100.0
Male,right,Choking,1,1,False,1.0,100.0,0.20654329147389294,1.0,17.0,17.0,100.0
Male,right,Coughing,1,1,False,1.0,100.0,0.20654329147389294,1.0,8.0,8.0,100.0
Male,right,Crazed,1,1,False,1.0,100.0,0.20654329147389294,1.0,57.0,57.0,100.0
Male,right,Crying,1,1,False,1.0,100.0,0.20654329147389294,1.0,1.0,1.0,100.0
Male,right,Cute,5,5,True,0.6,60.0,0.23071993220883708,0.8823817688407467,3.0,4.6,60.0
Male,right,Despise,5,5,True,0.8,80.0,0.3755282641185388,0.9637768390302125,7.0,15.6,80.0
Male,right,Determined,1,1,False,1.0,100.0,0.20654329147389294,1.0,10.0,10.0,100.0
Male,right,Distrust,5,5,True,0.8,80.0,0.3755282641185388,0.9637768390302125,3.0,3.2,80.0
Male,right,Empathy,5,5,True,0.6,60.0,0.23071993220883708,0.8823817688407467,3.0,3.4,60.0
Male,right,Expressions Anger,5,5,True,1.0,100.0,0.5655085052479191,1.0,7.0,9.8,100.0
Male,right,Expressions Confusion,5,5,True,0.8,80.0,0.3755282641185388,0.9637768390302125,6.0,5.0,80.0
Male,right,Expressions Contempt,5,5,True,0.8,80.0,0.3755282641185388,0.9637768390302125,2.0,19.6,80.0
Male,right,Expressions Desire,5,5,True,1.0,100.0,0.5655085052479191,1.0,5.0,6.2,100.0
Male,right,Expressions Disgust,5,5,True,1.0,100.0,0.5655085052479191,1.0,7.0,17.8,100.0
Male,right,Expressions Excitement,5,5,True,1.0,100.0,0.5655085052479191,1.0,7.0,6.8,100.0
Male,right,Expressions Fear,5,5,True,1.0,100.0,0.5655085052479191,1.0,2.0,5.0,100.0
Male,right,Expressions Happiness,5,5,True,1.0,100.0,0.5655085052479191,1.0,8.0,13.8,100.0
Male,right,Expressions Sadness,5,5,True,1.0,100.0,0.5655085052479191,1.0,4.0,4.8,100.0
Male,right,Expressions Surprise,5,5,True,1.0,100.0,0.5655085052479191,1.0,13.0,12.4,100.0
Male,right,Eyeglasses,1,1,False,1.0,100.0,0.20654329147389294,1.0,100.0,100.0,100.0
Male,right,Fear,5,5,True,1.0,100.0,0.5655085052479191,1.0,12.0,10.4,100.0
Male,right,Fierce Cutthroat,1,1,False,1.0,100.0,0.20654329147389294,1.0,6.0,6.0,100.0
Male,right,Fierce Fiery,1,1,False,1.0,100.0,0.20654329147389294,1.0,14.0,14.0,100.0
Male,right,Fierce Savage,1,1,False,1.0,100.0,0.20654329147389294,1.0,23.0,23.0,100.0
Male,right,Happy,5,5,True,0.8,80.0,0.3755282641185388,0.9637768390302125,10.0,7.4,80.0
Male,right,Happy Elated,1,1,False,1.0,100.0,0.20654329147389294,1.0,52.0,52.0,100.0
Male,right,Happy Perky,1,1,False,1.0,100.0,0.20654329147389294,1.0,22.0,22.0,100.0
Male,right,Happy So Peaceful,1,1,False,1.0,100.0,0.20654329147389294,1.0,63.0,63.0,100.0
Male,right,Humiliated,1,1,False,1.0,100.0,0.20654329147389294,1.0,8.0,8.0,100.0
Male,right,Insanity Deranged,1,1,False,1.0,100.0,0.20654329147389294,1.0,40.0,40.0,100.0
Male,right,Insanity Go Cucko,1,1,False,1.0,100.0,0.20654329147389294,1.0,17.0,17.0,100.0
Male,right,Insanity Going Crazy,1,1,False,1.0,100.0,0.20654329147389294,1.0,34.0,34.0,100.0
Male,right,Insanity Hostile,1,1,False,1.0,100.0,0.20654329147389294,1.0,35.0,35.0,100.0
Male,right,Insanity Lunatic,1,1,False,1.0,100.0,0.20654329147389294,1.0,40.0,40.0,100.0
Male,right,Joy,5,5,True,1.0,100.0,0.5655085052479191,1.0,6.0,13.8,100.0
Male,right,Judgemental,5,5,True,0.8,80.0,0.3755282641185388,0.9637768390302125,10.0,9.8,80.0
Male,right,Nervous,1,1,False,1.0,100.0,0.20654329147389294,1.0,4.0,4.0,100.0
Male,right,Pain,5,5,True,1.0,100.0,0.5655085052479191,1.0,16.0,19.6,100.0
Male,right,Pain Illness,1,1,False,1.0,100.0,0.20654329147389294,1.0,44.0,44.0,100.0
Male,right,Playful,5,5,True,1.0,100.0,0.5655085052479191,1.0,7.0,8.6,100.0
Male,right,Pleasure Oo So Funny,1,1,False,1.0,100.0,0.20654329147389294,1.0,13.0,13.0,100.0
Male,right,Romantic,5,5,True,0.8,80.0,0.3755282641185388,0.9637768390302125,3.0,2.4,80.0
Male,right,S Wink,1,1,False,1.0,100.0,0.20654329147389294,1.0,21.0,21.0,100.0
Male,right,Sad,5,5,True,1.0,100.0,0.5655085052479191,1.0,1.0,7.4,100.0
Male,right,Scream,1,1,False,1.0,100.0,0.20654329147389294,1.0,14.0,14.0,100.0
Male,right,Seriousness,5,5,True,0.6,60.0,0.23071993220883708,0.8823817688407467,3.0,2.2,60.0
Male,right,Silly,5,5,True,1.0,100.0,0.5655085052479191,1.0,10.0,26.2,100.0
Male,right,Sleepy,6,6,True,1.0,100.0,0.6096569663469354,0.9999999999999999,14.0,21.0,100.0
Male,right,Straining,1,1,False,1.0,100.0,0.20654329147389294,1.0,11.0,11.0,100.0
Male,right,Subtle,5,5,True,1.0,100.0,0.5655085052479191,1.0,2.0,1.8,100.0
Male,right,Talking,5,5,True,1.0,100.0,0.5655085052479191,1.0,7.0,7.8,100.0
Male,right,Terror,1,1,False,1.0,100.0,0.20654329147389294,1.0,24.0,24.0,100.0
Male,right,Terror Phobia,1,1,False,1.0,100.0,0.20654329147389294,1.0,13.0,13.0,100.0
Male,right,Ulgh,1,1,False,1.0,100.0,0.20654329147389294,1.0,9.0,9.0,100.0
Male,right,Wicked,5,5,True,1.0,100.0,0.5655085052479191,1.0,21.0,15.6,100.0
Male,right,Wink,1,1,False,1.0,100.0,0.20654329147389294,1.0,9.0,9.0,100.0
Male,right,With Forehead Wrinkles Angry,5,5,True,1.0,100.0,0.5655085052479191,1.0,7.0,11.8,100.0
Male,right,ZMouth Open Horizontal,1,1,False,1.0,100.0,0.20654329147389294,1.0,5.0,5.0,100.0
Male,right,ZMouth Open Horizontal And Vertical,1,1,False,1.0,100.0,0.20654329147389294,1.0,18.0,18.0,100.0
Male,right,ZZ_Bearded,1,1,False,1.0,100.0,0.20654329147389294,1.0,15.0,15.0,100.0
Male,right,ZZ_Cavalier,1,1,False,1.0,100.0,0.20654329147389294,1.0,48.0,48.0,100.0
Male,right,ZZ_Dapper,1,1,False,1.0,100.0,0.20654329147389294,1.0,12.0,12.0,100.0
Male,right,ZZ_Flynn,1,1,False,1.0,100.0,0.20654329147389294,1.0,11.0,11.0,100.0
Male,right,ZZ_Franz Josef,1,1,False,1.0,100.0,0.20654329147389294,1.0,5.0,5.0,100.0
Male,right,ZZ_Friendly Mutton Chops,1,1,False,1.0,100.0,0.20654329147389294,1.0,17.0,17.0,100.0
Male,right,ZZ_Fu Manchu,1,1,False,1.0,100.0,0.20654329147389294,1.0,5.0,5.0,100.0
Male,right,ZZ_Fu Manchu Goatee,1,1,False,1.0,100.0,0.20654329147389294,1.0,20.0,20.0,100.0
Male,right,ZZ_Full Beard,1,1,False,1.0,100.0,0.20654329147389294,1.0,5.0,5.0,100.0
Male,right,ZZ_Goatee,1,1,False,1.0,100.0,0.20654329147389294,1.0,11.0,11.0,100.0
Male,right,ZZ_Grizzly Beard,1,0,False,,,,,,,
Male,right,ZZ_Mutton Chops,1,1,False,1.0,100.0,0.20654329147389294,1.0,12.0,12.0,100.0
Male,right,ZZ_Napoleon III,1,1,False,1.0,100.0,0.20654329147389294,1.0,68.0,68.0,100.0
Male,right,ZZ_Officer,1,1,False,1.0,100.0,0.20654329147389294,1.0,11.0,11.0,100.0
Male,right,ZZ_Pioneer,1,1,False,1.0,100.0,0.20654329147389294,1.0,37.0,37.0,100.0
Male,right,ZZ_Stubbled,1,1,False,1.0,100.0,0.20654329147389294,1.0,63.0,63.0,100.0
