abs_angle,A_mean,A_ci_low,A_ci_high,B_mean,B_ci_low,B_ci_high,C_mean,C_ci_low,C_ci_high
0,0.00025083328364416957,4.632866694009863e-05,0.000492551364004612,0.976580798625946,0.9601873755455017,0.9906322956085205,0.013635623268783092,0.012055979110300541,0.01528362836688757
1,4.476155757904053,4.296452522277832,4.664785861968994,0.9918032884597778,0.9853337407112122,0.9976580739021301,0.014466301538050175,0.012900065630674362,0.01587037928402424
2,6.144227027893066,5.938417434692383,6.3617682456970215,0.9941452145576477,0.9882903695106506,0.9988290667533875,0.01479149330407381,0.013412590138614178,0.016492588445544243
3,7.627801418304443,7.44573450088501,7.811188697814941,0.9953161478042603,0.9882903695106506,1.0,0.014938117936253548,0.013503541238605976,0.016493910923600197
4,9.106820106506348,8.921697616577148,9.314908027648926,0.9953161478042603,0.9882903695106506,1.0,0.014730958268046379,0.013284459710121155,0.016156889498233795
5,10.616425514221191,10.397716522216797,10.85580825805664,0.9941452145576477,0.9859485030174255,1.0,0.014091133140027523,0.012649030424654484,0.015551820397377014
6,11.877486228942871,11.614681243896484,12.119428634643555,0.9730679392814636,0.9601873755455017,0.9836065769195557,0.013269090093672276,0.011833441443741322,0.014703375287353992
7,13.077902793884277,12.805363655090332,13.358904838562012,0.9531615972518921,0.9367681741714478,0.966042160987854,0.01234595850110054,0.01096434984356165,0.013926300220191479
8,14.194326400756836,13.891067504882812,14.489663124084473,0.9285714030265808,0.908665120601654,0.9473068118095398,0.011346720159053802,0.010019349865615368,0.01277569867670536
9,15.33520793914795,15.00218391418457,15.619861602783203,0.8711943626403809,0.8424765467643738,0.8975702524185181,0.010469014756381512,0.00915435142815113,0.011669578030705452
10,16.652206420898438,16.337783813476562,16.976869583129883,0.8290398120880127,0.8014929890632629,0.8577576279640198,0.009638955816626549,0.008322146721184254,0.011028237640857697
11,18.17460823059082,17.826614379882812,18.543081283569336,0.7763466238975525,0.7400468587875366,0.8067915439605713,0.008859559893608093,0.00726234121248126,0.010176979005336761
12,19.467727661132812,19.103822708129883,19.850282669067383,0.7412177920341492,0.7072599530220032,0.7751756310462952,0.008121851831674576,0.006769056897610426,0.009614763781428337
13,20.89985466003418,20.48497772216797,21.31589698791504,0.6768149733543396,0.6399004459381104,0.7137295007705688,0.006884043104946613,0.005649209953844547,0.00834602303802967
14,22.07349967956543,21.66397476196289,22.448705673217773,0.6533957719802856,0.6159250736236572,0.6943793892860413,0.0059316824190318584,0.004639464896172285,0.0073237065225839615
15,23.046045303344727,22.618419647216797,23.440170288085938,0.6194379329681396,0.5766686201095581,0.6569086909294128,0.00498769897967577,0.003462617751210928,0.006509949453175068
16,24.198217391967773,23.703508377075195,24.657609939575195,0.5819672346115112,0.5403688549995422,0.6235655546188354,0.0037764967419207096,0.0023368671536445618,0.005267752334475517
17,25.30377197265625,24.746219635009766,25.791893005371094,0.5515222549438477,0.5122658014297485,0.5854800939559937,0.0024177918676286936,0.0006333320052362978,0.003983849193900824
18,26.459674835205078,25.893070220947266,26.976167678833008,0.49180328845977783,0.4560597240924835,0.531059741973877,0.0005620699957944453,-0.0010623770067468286,0.0022429677192121744
19,27.534963607788086,27.05697250366211,28.08292007446289,0.47072598338127136,0.4302985966205597,0.5111533999443054,-0.0005959197296760976,-0.0021385853178799152,0.0011677646543830633
20,28.557756423950195,27.999425888061523,29.21366310119629,0.4449648857116699,0.40163934230804443,0.4847775101661682,-0.0019230295438319445,-0.0038361840415745974,4.365109634818509e-05
21,29.788257598876953,29.248485565185547,30.317184448242188,0.40515223145484924,0.3688524663448334,0.443793922662735,-0.0035341919865459204,-0.005405573174357414,-0.0018848769832402468
22,31.00084686279297,30.44691276550293,31.577068328857422,0.37470725178718567,0.3360655605792999,0.41451990604400635,-0.005276188254356384,-0.007129418198019266,-0.003109588986262679
23,32.2700080871582,31.730003356933594,32.82589340209961,0.33957844972610474,0.30210772156715393,0.37883490324020386,-0.0072235846891999245,-0.009359793737530708,-0.005431080237030983
24,33.35207748413086,32.72782897949219,33.88199996948242,0.3161592483520508,0.27338993549346924,0.3536299765110016,-0.008949710987508297,-0.010980760678648949,-0.006923402193933725
25,34.00817108154297,33.51346206665039,34.55011749267578,0.30327868461608887,0.26580795645713806,0.3384074866771698,-0.00971599668264389,-0.011930132284760475,-0.007786894682794809
26,34.45219039916992,33.973079681396484,34.91957092285156,0.3044496476650238,0.26753512024879456,0.3407494127750397,-0.009648098610341549,-0.011456307023763657,-0.007704299408942461
27,35.420066833496094,34.91460037231445,35.92371368408203,0.28103044629096985,0.24528688192367554,0.31850117444992065,-0.010766111314296722,-0.012684659101068974,-0.008647681213915348
28,35.96363067626953,35.4400520324707,36.42709732055664,0.26814988255500793,0.233021080493927,0.3103044629096985,-0.011194316670298576,-0.013202156871557236,-0.008873089216649532
29,36.526451110839844,36.05109405517578,37.00230026245117,0.26229506731033325,0.22833724319934845,0.29803866147994995,-0.01130473893135786,-0.013271109201014042,-0.009446706622838974
30,37.1610221862793,36.60932159423828,37.67117691040039,0.2423887550830841,0.20898711681365967,0.2798594832420349,-0.012034359388053417,-0.014214175753295422,-0.009478830732405186
31,37.580989837646484,37.11616897583008,38.0550537109375,0.23185011744499207,0.1990632265806198,0.2675936818122864,-0.012332254089415073,-0.014431118965148926,-0.010127955116331577
32,37.940128326416016,37.509117126464844,38.32674789428711,0.23067915439605713,0.19493559002876282,0.2634660303592682,-0.012893866747617722,-0.0149680245667696,-0.010847119614481926
33,38.382537841796875,37.98619079589844,38.77976989746094,0.2271662801504135,0.19320842623710632,0.2652517557144165,-0.013502001762390137,-0.015401287004351616,-0.011337131261825562
34,38.719947814941406,38.32204055786133,39.14854431152344,0.2107728272676468,0.18026931583881378,0.24590164422988892,-0.014350485056638718,-0.016376474872231483,-0.012465219013392925
35,38.90845489501953,38.565242767333984,39.29621124267578,0.2084309160709381,0.17497073113918304,0.24004684388637543,-0.014649220742285252,-0.01698874495923519,-0.012626583687961102
36,39.36248016357422,38.95951843261719,39.83732604980469,0.20257611572742462,0.16978922486305237,0.23480679094791412,-0.015353035181760788,-0.01732398197054863,-0.013445678167045116
37,39.81671905517578,39.39057159423828,40.24776840209961,0.19672131538391113,0.16510538756847382,0.23246487975120544,-0.015875834971666336,-0.01794825680553913,-0.013833042234182358
38,40.030555725097656,39.62887954711914,40.426090240478516,0.20140515267848969,0.16978922486305237,0.237148717045784,-0.015268392860889435,-0.017347054556012154,-0.013096906244754791
39,40.645755767822266,40.2186164855957,41.07865524291992,0.19437938928604126,0.161592498421669,0.2236533910036087,-0.016612937673926353,-0.018569696694612503,-0.014590393751859665
40,41.59025192260742,41.06145095825195,42.09731674194336,0.1861826628446579,0.1539519876241684,0.21779859066009521,-0.018587864935398102,-0.02061605267226696,-0.01652505435049534
41,41.831058502197266,41.328575134277344,42.32807922363281,0.17564402520656586,0.14402809739112854,0.20608898997306824,-0.01880575157701969,-0.020755385980010033,-0.01661069504916668
42,42.32069778442383,41.8416748046875,42.791900634765625,0.15690866112709045,0.127634659409523,0.1879683881998062,-0.02012374997138977,-0.02235490083694458,-0.018201684579253197
43,42.95015335083008,42.42646408081055,43.501949310302734,0.15925058722496033,0.13170373439788818,0.19148127734661102,-0.02153937518596649,-0.023624641820788383,-0.01922767423093319
44,43.34136962890625,42.798274993896484,43.887664794921875,0.15456674993038177,0.12295082211494446,0.1879683881998062,-0.022325586527585983,-0.024649804458022118,-0.02027692086994648
45,43.7728157043457,43.21263122558594,44.33024597167969,0.14168618619441986,0.1106264665722847,0.16978922486305237,-0.022895531728863716,-0.02508341148495674,-0.02071317657828331
46,44.23324203491211,43.714298248291016,44.756954193115234,0.13583138585090637,0.10655737668275833,0.16516393423080444,-0.023991426452994347,-0.026087356731295586,-0.02194712869822979
47,44.71868896484375,44.16505813598633,45.24819564819336,0.127634659409523,0.0995316132903099,0.15925058722496033,-0.02545633167028427,-0.027678607031702995,-0.023098964244127274
48,45.068721771240234,44.504276275634766,45.59370422363281,0.13231849670410156,0.10532786697149277,0.161592498421669,-0.026179766282439232,-0.02841230109333992,-0.02349642664194107
49,45.321876525878906,44.795509338378906,45.8955192565918,0.12880562245845795,0.0995316132903099,0.15869438648223877,-0.026370156556367874,-0.02856237255036831,-0.02399464324116707
50,45.55034637451172,45.03311538696289,46.09282684326172,0.11943794041872025,0.09133489429950714,0.1487119495868683,-0.02671784535050392,-0.028976688161492348,-0.024550464004278183
51,45.82966995239258,45.27260208129883,46.300559997558594,0.127634659409523,0.10070257633924484,0.1563524603843689,-0.027185963466763496,-0.029260525479912758,-0.02469061315059662
52,46.03330993652344,45.53763961791992,46.51567077636719,0.11124122142791748,0.08782201260328293,0.1370023488998413,-0.027640903368592262,-0.02968856878578663,-0.0255883801728487
53,45.89811706542969,45.426673889160156,46.331993103027344,0.11943794041872025,0.09423302114009857,0.1487119495868683,-0.02721867710351944,-0.029511362314224243,-0.024838803336024284
54,46.3602409362793,45.829139709472656,46.88203048706055,0.11826697736978531,0.08899297565221786,0.1469847857952118,-0.0285781379789114,-0.030977677553892136,-0.026001451537013054
55,46.67332077026367,46.21823501586914,47.18999481201172,0.12060889601707458,0.09250585734844208,0.14932669699192047,-0.02889474853873253,-0.03145667165517807,-0.02672811970114708
56,46.758941650390625,46.28997802734375,47.28101348876953,0.12177985906600952,0.09072013944387436,0.1487119495868683,-0.028040673583745956,-0.03038945235311985,-0.02565157786011696
57,47.145774841308594,46.649662017822266,47.62432861328125,0.10889929533004761,0.08313817530870438,0.13583138585090637,-0.02822723425924778,-0.030515870079398155,-0.025968139991164207
58,47.269371032714844,46.832740783691406,47.71371841430664,0.11241217702627182,0.08430913090705872,0.14051522314548492,-0.028065985068678856,-0.030301976948976517,-0.02586289681494236
59,47.75471115112305,47.2237548828125,48.236244201660156,0.10304449498653412,0.07962529361248016,0.13114753365516663,-0.029381316155195236,-0.03146803379058838,-0.02726631984114647
60,47.91002655029297,47.48212432861328,48.3264274597168,0.0995316132903099,0.07549765706062317,0.12295082211494446,-0.029148243367671967,-0.03130039945244789,-0.02690105326473713
61,48.04579544067383,47.60673904418945,48.455013275146484,0.10304449498653412,0.07845433056354523,0.12997658550739288,-0.02933214046061039,-0.03142533823847771,-0.02700941264629364
62,48.18970489501953,47.76200485229492,48.59901428222656,0.10421545803546906,0.07962529361248016,0.13114753365516663,-0.028774181380867958,-0.03098372370004654,-0.026632342487573624
63,48.43680191040039,48.02957534790039,48.85930252075195,0.08899297565221786,0.06323184818029404,0.11358314007520676,-0.02964034490287304,-0.03186555206775665,-0.02743328921496868
64,48.810462951660156,48.38888168334961,49.20783233642578,0.08665105700492859,0.06323184818029404,0.11364168673753738,-0.029934095218777657,-0.03219287469983101,-0.027433225885033607
65,49.07001876831055,48.61137771606445,49.486289978027344,0.07611241191625595,0.05442037433385849,0.09897541254758835,-0.03045031614601612,-0.032741013914346695,-0.028337877243757248
66,49.3637809753418,48.93207931518555,49.78290557861328,0.0807962492108345,0.056762292981147766,0.1053864136338234,-0.03200555220246315,-0.03428633138537407,-0.029795413836836815
67,49.55665588378906,49.131378173828125,50.00236511230469,0.07962529361248016,0.05503512918949127,0.10304449498653412,-0.032755203545093536,-0.035131726413965225,-0.030311530455946922
68,49.6782341003418,49.1765022277832,50.09915542602539,0.07494144886732101,0.05620608851313591,0.09718969464302063,-0.034142281860113144,-0.036481957882642746,-0.03179347142577171
69,49.88270568847656,49.479183197021484,50.28859329223633,0.06791569292545319,0.048009369522333145,0.08899297565221786,-0.0361117348074913,-0.038354188203811646,-0.03366813808679581
70,50.38764190673828,49.96652603149414,50.84176254272461,0.06088992953300476,0.04215456545352936,0.0807962492108345,-0.038160540163517,-0.04072445631027222,-0.03575180470943451
71,50.70270919799805,50.23794174194336,51.13636779785156,0.053864169865846634,0.03629976511001587,0.07494144886732101,-0.03877599537372589,-0.041281696408987045,-0.03617876395583153
72,51.33389663696289,50.8594856262207,51.80331802368164,0.05503512918949127,0.03629976511001587,0.07494144886732101,-0.04156731814146042,-0.044409170746803284,-0.03884531185030937
73,51.73271942138672,51.27949905395508,52.19468688964844,0.05152224749326706,0.03334309160709381,0.07025761157274246,-0.04272701218724251,-0.04509993642568588,-0.040146008133888245
74,52.13975524902344,51.71379852294922,52.559967041015625,0.048009369522333145,0.03161592409014702,0.06557376682758331,-0.04387299343943596,-0.046411123126745224,-0.041242022067308426
75,52.425506591796875,52.02542495727539,52.87629318237305,0.05035128816962242,0.032786883413791656,0.06970140337944031,-0.044100742787122726,-0.047393862158060074,-0.041127949953079224
76,52.745418548583984,52.338504791259766,53.136348724365234,0.04566744714975357,0.03044496476650238,0.06267563998699188,-0.04639666527509689,-0.04945720359683037,-0.04339837655425072
77,53.14746856689453,52.756370544433594,53.531734466552734,0.04683840647339821,0.029830211773514748,0.0661885216832161,-0.048188842833042145,-0.05120676010847092,-0.044837553054094315
78,53.183815002441406,52.76701354980469,53.564640045166016,0.04683840647339821,0.029274005442857742,0.06440281122922897,-0.04876555874943733,-0.05200154706835747,-0.045513976365327835
79,53.55856704711914,53.1751708984375,53.89399719238281,0.04566744714975357,0.02865925058722496,0.06557376682758331,-0.05036791414022446,-0.0534176267683506,-0.047442711889743805
80,53.77621078491211,53.49858856201172,54.132022857666016,0.04683840647339821,0.029274005442857742,0.06440281122922897,-0.052454669028520584,-0.05556719750165939,-0.04961162433028221
81,54.50154495239258,54.1495246887207,54.865882873535156,0.03981264680624008,0.02459016442298889,0.05620608851313591,-0.05512941628694534,-0.058228749781847,-0.05216607078909874
82,55.2791748046875,54.88463592529297,55.672218322753906,0.032786883413791656,0.018735362216830254,0.048009369522333145,-0.05959663167595863,-0.06272409856319427,-0.05667251721024513
83,55.67842102050781,55.253360748291016,56.031517028808594,0.029274005442857742,0.017564402893185616,0.043325528502464294,-0.06371552497148514,-0.06751471757888794,-0.060188233852386475
84,55.937957763671875,55.58440017700195,56.28921890258789,0.03161592409014702,0.018735362216830254,0.04683840647339821,-0.06628882884979248,-0.07023906707763672,-0.06239921227097511
85,56.32683181762695,55.9575309753418,56.70169448852539,0.02459016442298889,0.014051522128283978,0.03512880578637123,-0.06918253749608994,-0.0729423314332962,-0.06506809592247009
86,56.714332580566406,56.33902359008789,57.06110382080078,0.023419203236699104,0.012880561873316765,0.03629976511001587,-0.07043009251356125,-0.07446610182523727,-0.06666071712970734
87,57.057518005371094,56.72971725463867,57.36017990112305,0.026932084932923317,0.014051522128283978,0.04098360612988472,-0.07312195748090744,-0.07722567766904831,-0.06889565289020538
88,57.36925506591797,57.04299545288086,57.6771354675293,0.02107728272676468,0.011709601618349552,0.0322306789457798,-0.07500839978456497,-0.07911496609449387,-0.07089812308549881
89,57.682395935058594,57.345062255859375,57.969207763671875,0.017564402893185616,0.008196720853447914,0.03044496476650238,-0.07764798402786255,-0.08160053193569183,-0.07314737141132355
90,57.85149002075195,57.538875579833984,58.11833953857422,0.018735362216830254,0.008196720853447914,0.0322306789457798,-0.08078194409608841,-0.08514221757650375,-0.07656262814998627
91,57.9412727355957,57.63950729370117,58.242408752441406,0.018735362216830254,0.008196720853447914,0.03161592409014702,-0.08316469192504883,-0.08696962893009186,-0.07925382256507874
92,58.267757415771484,57.946311950683594,58.61588668823242,0.012880561873316765,0.004683840554207563,0.0228629969060421,-0.08665505051612854,-0.09133107960224152,-0.08241210132837296
93,59.25333786010742,58.94672775268555,59.5936393737793,0.01053864136338234,0.0035128805320709944,0.01990632340312004,-0.09359157085418701,-0.09795797616243362,-0.08921781182289124
94,59.31464385986328,58.93830871582031,59.655845642089844,0.01522248238325119,0.004683840554207563,0.029274005442857742,-0.10071351379156113,-0.10563995689153671,-0.09588266164064407
95,59.59733200073242,59.240501403808594,59.968360900878906,0.011709601618349552,0.0023419202771037817,0.02107728272676468,-0.1053202748298645,-0.10989367961883545,-0.10059171915054321
96,59.95307922363281,59.62470245361328,60.28131103515625,0.012880561873316765,0.0035128805320709944,0.02459016442298889,-0.11074025183916092,-0.11573155224323273,-0.10603751987218857
97,60.46022415161133,60.132965087890625,60.82908248901367,0.011709601618349552,0.0023419202771037817,0.023419203236699104,-0.11717216670513153,-0.12194419652223587,-0.1121555045247078
98,60.77487564086914,60.466400146484375,61.13520050048828,0.011709601618349552,0.0023419202771037817,0.023419203236699104,-0.12309045344591141,-0.12779055535793304,-0.11879809200763702
99,61.126380920410156,60.765541076660156,61.458011627197266,0.009367681108415127,0.0023419202771037817,0.018735362216830254,-0.12846553325653076,-0.1331486999988556,-0.12388694286346436
100,61.2595100402832,60.928470611572266,61.58763122558594,0.009367681108415127,0.0023419202771037817,0.018735362216830254,-0.13284361362457275,-0.13783997297286987,-0.12824535369873047
101,61.24357986450195,60.962493896484375,61.59599304199219,0.009367681108415127,0.0023419202771037817,0.018735362216830254,-0.1392700970172882,-0.14400875568389893,-0.1353658139705658
102,61.540809631347656,61.211952209472656,61.89007568359375,0.009367681108415127,0.0023419202771037817,0.018735362216830254,-0.14511258900165558,-0.14901891350746155,-0.14099453389644623
103,62.05047607421875,61.710853576660156,62.40065383911133,0.009367681108415127,0.0023419202771037817,0.018735362216830254,-0.153253436088562,-0.15759029984474182,-0.14921222627162933
104,62.271263122558594,61.95294952392578,62.58647918701172,0.008196720853447914,0.0011709601385518909,0.017564402893185616,-0.15894730389118195,-0.16327360272407532,-0.15443000197410583
105,62.67111587524414,62.319862365722656,63.02627944946289,0.005854800809174776,0.0,0.012880561873316765,-0.162307009100914,-0.1664600670337677,-0.15795277059078217
106,62.973182678222656,62.633968353271484,63.30607604980469,0.008196720853447914,0.0011709601385518909,0.016393441706895828,-0.16526684165000916,-0.16924798488616943,-0.16052749752998352
107,63.155025482177734,62.84684753417969,63.47327423095703,0.009367681108415127,0.0023419202771037817,0.017564402893185616,-0.1676289141178131,-0.17204807698726654,-0.16294939815998077
