expression,folder,n_rows,n_viewpoints,complete_215,A_cosine_left,A_cosine_right,A_cosine_detected_left,A_cosine_detected_right,A_angular_left,A_angular_right,A_angular_detected_left,A_angular_detected_right,A_euclidean_left,A_euclidean_right,A_euclidean_detected_left,A_euclidean_detected_right,A_path_left,A_path_right,A_path_detected_left,A_path_detected_right,A_rate_left,A_rate_right,A_rate_detected_left,A_rate_detected_right,A_curvature_left,A_curvature_right,A_curvature_detected_left,A_curvature_detected_right,A_instability_left,A_instability_right,A_instability_detected_left,A_instability_detected_right,C_left,C_right,C_detected_left,C_detected_right,B_left,B_right,B_detected_left,B_detected_right,missing_left,missing_right,left_ordering,right_ordering
+10,Female_+10,215,215,True,214.0,0.0,True,True,214.0,0.0,True,True,214.0,0.0,True,True,214.0,0.0,True,True,213.0,2.0,True,True,,,False,False,213.0,26.0,True,True,214.0,0.0,True,True,214.0,0.0,True,True,,,tie,tie
+20,Female_+20,215,215,True,214.0,0.0,True,True,214.0,0.0,True,True,214.0,0.0,True,True,214.0,0.0,True,True,211.0,1.0,True,True,,,False,False,212.0,1.0,True,True,214.0,0.0,True,True,214.0,0.0,True,True,,,tie,tie
+20_ZMouth Open Horizontal And Vertical,Female_+20_ZMouth Open Horizontal And Vertical,215,215,True,214.0,0.0,True,True,214.0,0.0,True,True,214.0,0.0,True,True,214.0,0.0,True,True,214.0,1.0,True,True,,,False,False,213.0,184.0,True,True,214.0,0.0,True,True,214.0,0.0,True,True,,,tie,tie
+30,Female_+30,215,215,True,214.0,0.0,True,True,214.0,0.0,True,True,214.0,0.0,True,True,214.0,0.0,True,True,212.0,1.0,True,True,,,False,False,,,False,False,214.0,0.0,True,True,214.0,0.0,True,True,,,tie,tie
+40,Female_+40,215,215,True,214.0,0.0,True,True,214.0,0.0,True,True,214.0,0.0,True,True,214.0,0.0,True,True,214.0,1.0,True,True,,,False,False,213.0,1.0,True,True,214.0,0.0,True,True,214.0,0.0,True,True,,,tie,tie
+50,Female_+50,215,215,True,214.0,0.0,True,True,214.0,0.0,True,True,214.0,0.0,True,True,214.0,0.0,True,True,214.0,1.0,True,True,,,False,False,213.0,1.0,True,True,214.0,0.0,True,True,214.0,0.0,True,True,,,tie,tie
+50_ZMouth Open Horizontal And Vertical,Female_+50_ZMouth Open Horizontal And Vertical,215,215,True,214.0,0.0,True,True,214.0,0.0,True,True,214.0,0.0,True,True,214.0,0.0,True,True,214.0,1.0,True,True,,,False,False,213.0,1.0,True,True,214.0,0.0,True,True,214.0,0.0,True,True,,,tie,tie
-10,Female_-10,215,215,True,214.0,0.0,True,True,214.0,0.0,True,True,214.0,0.0,True,True,214.0,0.0,True,True,214.0,6.0,True,True,,,False,False,213.0,12.0,True,True,214.0,0.0,True,True,214.0,0.0,True,True,,,tie,tie
-10_ZMouth Open Horizontal And Vertical,Female_-10_ZMouth Open Horizontal And Vertical,215,215,True,214.0,0.0,True,True,214.0,0.0,True,True,214.0,0.0,True,True,214.0,0.0,True,True,214.0,1.0,True,True,,,False,False,213.0,6.0,True,True,214.0,0.0,True,True,214.0,0.0,True,True,,,tie,tie
-20,Female_-20,215,215,True,214.0,0.0,True,True,214.0,0.0,True,True,214.0,0.0,True,True,214.0,0.0,True,True,212.0,1.0,True,True,,,False,False,203.0,11.0,True,True,214.0,0.0,True,True,214.0,0.0,True,True,,,tie,tie
-20_ZMouth Open Horizontal And Vertical,Female_-20_ZMouth Open Horizontal And Vertical,215,215,True,214.0,0.0,True,True,214.0,0.0,True,True,214.0,0.0,True,True,214.0,0.0,True,True,214.0,1.0,True,True,,,False,False,213.0,156.0,True,True,214.0,0.0,True,True,214.0,0.0,True,True,,,tie,tie
-30,Female_-30,215,215,True,214.0,0.0,True,True,214.0,0.0,True,True,214.0,0.0,True,True,214.0,0.0,True,True,214.0,1.0,True,True,,,False,False,213.0,1.0,True,True,214.0,0.0,True,True,214.0,0.0,True,True,,,tie,tie
-40,Female_-40,215,215,True,214.0,0.0,True,True,214.0,0.0,True,True,214.0,0.0,True,True,214.0,0.0,True,True,214.0,1.0,True,True,,,False,False,213.0,4.0,True,True,214.0,0.0,True,True,214.0,0.0,True,True,,,tie,tie
-50,Female_-50,215,215,True,214.0,0.0,True,True,214.0,0.0,True,True,214.0,0.0,True,True,214.0,0.0,True,True,214.0,1.0,True,True,,,False,False,213.0,1.0,True,True,214.0,0.0,True,True,214.0,0.0,True,True,,,tie,tie
-60,Female_-60,215,215,True,214.0,0.0,True,True,214.0,0.0,True,True,214.0,0.0,True,True,214.0,0.0,True,True,214.0,1.0,True,True,,,False,False,213.0,1.0,True,True,174.0,31.0,True,True,174.0,31.0,True,True,,,tie,tie
0,Female_0,215,215,True,214.0,0.0,True,True,214.0,0.0,True,True,214.0,0.0,True,True,214.0,0.0,True,True,214.0,1.0,True,True,,,False,False,213.0,1.0,True,True,214.0,0.0,True,True,214.0,0.0,True,True,,,tie,tie
Angry,Female_Angry 01,215,215,True,214.0,0.0,True,True,214.0,0.0,True,True,214.0,0.0,True,True,214.0,0.0,True,True,212.0,1.0,True,True,,,False,False,212.0,12.0,True,True,214.0,0.0,True,True,214.0,0.0,True,True,,,tie,tie
Angry,Female_Angry 02,215,215,True,214.0,0.0,True,True,214.0,0.0,True,True,214.0,0.0,True,True,214.0,0.0,True,True,214.0,1.0,True,True,,,False,False,213.0,2.0,True,True,214.0,0.0,True,True,214.0,0.0,True,True,,,tie,tie
Angry,Female_Angry 03,215,215,True,214.0,0.0,True,True,214.0,0.0,True,True,214.0,0.0,True,True,214.0,0.0,True,True,214.0,1.0,True,True,,,False,False,213.0,14.0,True,True,214.0,0.0,True,True,214.0,0.0,True,True,,,tie,tie
Angry,Female_Angry 04,215,215,True,214.0,0.0,True,True,214.0,0.0,True,True,214.0,0.0,True,True,214.0,0.0,True,True,213.0,1.0,True,True,,,False,False,211.0,9.0,True,True,214.0,0.0,True,True,214.0,0.0,True,True,,,tie,tie
Angry,Female_Angry 05,215,215,True,214.0,0.0,True,True,214.0,0.0,True,True,214.0,0.0,True,True,214.0,0.0,True,True,214.0,2.0,True,True,,,False,False,213.0,1.0,True,True,214.0,0.0,True,True,214.0,0.0,True,True,,,tie,tie
Anguish,Female_Anguish,215,215,True,214.0,0.0,True,True,214.0,0.0,True,True,214.0,0.0,True,True,214.0,0.0,True,True,214.0,8.0,True,True,,,False,False,212.0,8.0,True,True,214.0,0.0,True,True,214.0,0.0,True,True,,,tie,tie
Animosity Growl,Female_Animosity Growl,215,215,True,214.0,0.0,True,True,214.0,0.0,True,True,214.0,0.0,True,True,214.0,0.0,True,True,6.0,1.0,True,True,,,False,False,185.0,29.0,True,True,214.0,0.0,True,True,214.0,0.0,True,True,,,tie,tie
Animosity Rebellious,Female_Animosity Rebellious,215,215,True,214.0,0.0,True,True,214.0,0.0,True,True,214.0,0.0,True,True,214.0,0.0,True,True,212.0,1.0,True,True,,,False,False,,,False,False,214.0,0.0,True,True,214.0,0.0,True,True,,,tie,tie
Bored,Female_Bored 01,215,215,True,214.0,0.0,True,True,214.0,0.0,True,True,214.0,0.0,True,True,214.0,0.0,True,True,213.0,1.0,True,True,,,False,False,213.0,1.0,True,True,214.0,0.0,True,True,214.0,0.0,True,True,,,tie,tie
Bored,Female_Bored 02,215,215,True,214.0,0.0,True,True,214.0,0.0,True,True,214.0,0.0,True,True,214.0,0.0,True,True,214.0,1.0,True,True,,,False,False,213.0,1.0,True,True,214.0,0.0,True,True,214.0,0.0,True,True,,,tie,tie
Bored,Female_Bored 03,215,215,True,214.0,0.0,True,True,214.0,0.0,True,True,214.0,0.0,True,True,214.0,0.0,True,True,206.0,2.0,True,True,,,False,False,213.0,1.0,True,True,214.0,0.0,True,True,214.0,0.0,True,True,,,tie,tie
Bored,Female_Bored 04,215,215,True,214.0,0.0,True,True,214.0,0.0,True,True,214.0,0.0,True,True,214.0,0.0,True,True,209.0,1.0,True,True,,,False,False,209.0,1.0,True,True,214.0,0.0,True,True,214.0,0.0,True,True,,,tie,tie
Bored,Female_Bored 05,215,215,True,214.0,0.0,True,True,214.0,0.0,True,True,214.0,0.0,True,True,214.0,0.0,True,True,213.0,1.0,True,True,,,False,False,207.0,13.0,True,True,214.0,0.0,True,True,214.0,0.0,True,True,,,tie,tie
BreathTaking Over The Moon,Female_BreathTaking Over The Moon,215,215,True,214.0,0.0,True,True,214.0,0.0,True,True,214.0,0.0,True,True,214.0,0.0,True,True,214.0,1.0,True,True,,,False,False,212.0,29.0,True,True,214.0,0.0,True,True,214.0,0.0,True,True,,,tie,tie
Chewing,Female_Chewing,215,215,True,214.0,0.0,True,True,214.0,0.0,True,True,214.0,0.0,True,True,214.0,0.0,True,True,201.0,1.0,True,True,,,False,False,211.0,7.0,True,True,214.0,0.0,True,True,214.0,0.0,True,True,,,tie,tie
Choking,Female_Choking,215,215,True,214.0,0.0,True,True,214.0,0.0,True,True,214.0,0.0,True,True,214.0,0.0,True,True,214.0,1.0,True,True,,,False,False,212.0,4.0,True,True,214.0,0.0,True,True,214.0,0.0,True,True,,,tie,tie
Coughing,Female_Coughing,215,215,True,214.0,0.0,True,True,214.0,0.0,True,True,214.0,0.0,True,True,214.0,0.0,True,True,214.0,2.0,True,True,,,False,False,201.0,1.0,True,True,214.0,0.0,True,True,214.0,0.0,True,True,,,tie,tie
Crazed,Female_Crazed,215,215,True,214.0,0.0,True,True,214.0,0.0,True,True,214.0,0.0,True,True,214.0,0.0,True,True,214.0,1.0,True,True,,,False,False,209.0,1.0,True,True,214.0,0.0,True,True,214.0,0.0,True,True,,,tie,tie
Crying,Female_Crying,215,215,True,214.0,0.0,True,True,214.0,0.0,True,True,214.0,0.0,True,True,214.0,0.0,True,True,213.0,8.0,True,True,,,False,False,213.0,6.0,True,True,214.0,0.0,True,True,214.0,0.0,True,True,,,tie,tie
Cute,Female_Cute 01,215,215,True,214.0,0.0,True,True,214.0,0.0,True,True,214.0,0.0,True,True,214.0,0.0,True,True,214.0,3.0,True,True,,,False,False,213.0,1.0,True,True,214.0,0.0,True,True,214.0,0.0,True,True,,,tie,tie
Cute,Female_Cute 02,215,215,True,214.0,0.0,True,True,214.0,0.0,True,True,214.0,0.0,True,True,214.0,0.0,True,True,214.0,1.0,True,True,,,False,False,191.0,1.0,True,True,214.0,0.0,True,True,214.0,0.0,True,True,,,tie,tie
Cute,Female_Cute 03,215,215,True,214.0,0.0,True,True,214.0,0.0,True,True,214.0,0.0,True,True,214.0,0.0,True,True,212.0,2.0,True,True,,,False,False,211.0,13.0,True,True,214.0,0.0,True,True,214.0,0.0,True,True,,,tie,tie
Cute,Female_Cute 04,215,215,True,214.0,0.0,True,True,214.0,0.0,True,True,214.0,0.0,True,True,214.0,0.0,True,True,212.0,2.0,True,True,,,False,False,212.0,13.0,True,True,214.0,0.0,True,True,214.0,0.0,True,True,,,tie,tie
Cute,Female_Cute 05,215,215,True,214.0,0.0,True,True,214.0,0.0,True,True,214.0,0.0,True,True,214.0,0.0,True,True,211.0,1.0,True,True,,,False,False,210.0,5.0,True,True,214.0,0.0,True,True,214.0,0.0,True,True,,,tie,tie
Despise,Female_Despise 01,215,215,True,214.0,0.0,True,True,214.0,0.0,True,True,214.0,0.0,True,True,214.0,0.0,True,True,213.0,1.0,True,True,,,False,False,213.0,4.0,True,True,214.0,0.0,True,True,214.0,0.0,True,True,,,tie,tie
Despise,Female_Despise 02,215,215,True,214.0,0.0,True,True,214.0,0.0,True,True,214.0,0.0,True,True,214.0,0.0,True,True,214.0,2.0,True,True,,,False,False,213.0,1.0,True,True,214.0,0.0,True,True,214.0,0.0,True,True,,,tie,tie
Despise,Female_Despise 03,215,215,True,214.0,0.0,True,True,214.0,0.0,True,True,214.0,0.0,True,True,214.0,0.0,True,True,214.0,2.0,True,True,,,False,False,156.0,4.0,True,True,214.0,0.0,True,True,214.0,0.0,True,True,,,tie,tie
Despise,Female_Despise 04,215,215,True,214.0,0.0,True,True,214.0,0.0,True,True,214.0,0.0,True,True,214.0,0.0,True,True,201.0,2.0,True,True,,,False,False,213.0,13.0,True,True,214.0,0.0,True,True,214.0,0.0,True,True,,,tie,tie
Despise,Female_Despise 05,215,215,True,214.0,0.0,True,True,214.0,0.0,True,True,214.0,0.0,True,True,214.0,0.0,True,True,194.0,1.0,True,True,,,False,False,177.0,4.0,True,True,214.0,0.0,True,True,214.0,0.0,True,True,,,tie,tie
Determined,Female_Determined,215,215,True,214.0,0.0,True,True,214.0,0.0,True,True,214.0,0.0,True,True,214.0,0.0,True,True,204.0,1.0,True,True,,,False,False,202.0,1.0,True,True,214.0,0.0,True,True,214.0,0.0,True,True,,,tie,tie
Distrust,Female_Distrust 01,215,215,True,214.0,0.0,True,True,214.0,0.0,True,True,214.0,0.0,True,True,214.0,0.0,True,True,214.0,3.0,True,True,,,False,False,206.0,5.0,True,True,214.0,0.0,True,True,214.0,0.0,True,True,,,tie,tie
Distrust,Female_Distrust 02,215,215,True,214.0,0.0,True,True,214.0,0.0,True,True,214.0,0.0,True,True,214.0,0.0,True,True,214.0,2.0,True,True,,,False,False,196.0,4.0,True,True,214.0,0.0,True,True,214.0,0.0,True,True,,,tie,tie
Distrust,Female_Distrust 03,215,215,True,214.0,0.0,True,True,214.0,0.0,True,True,214.0,0.0,True,True,214.0,0.0,True,True,214.0,2.0,True,True,,,False,False,207.0,1.0,True,True,214.0,0.0,True,True,214.0,0.0,True,True,,,tie,tie
Distrust,Female_Distrust 04,215,215,True,214.0,0.0,True,True,214.0,0.0,True,True,214.0,0.0,True,True,214.0,0.0,True,True,214.0,1.0,True,True,,,False,False,206.0,1.0,True,True,214.0,0.0,True,True,214.0,0.0,True,True,,,tie,tie
Distrust,Female_Distrust 05,215,215,True,214.0,0.0,True,True,214.0,0.0,True,True,214.0,0.0,True,True,214.0,0.0,True,True,214.0,7.0,True,True,,,False,False,212.0,2.0,True,True,214.0,0.0,True,True,214.0,0.0,True,True,,,tie,tie
Empathy,Female_Empathy 01,215,215,True,214.0,0.0,True,True,214.0,0.0,True,True,214.0,0.0,True,True,214.0,0.0,True,True,207.0,2.0,True,True,,,False,False,207.0,13.0,True,True,214.0,0.0,True,True,214.0,0.0,True,True,,,tie,tie
Empathy,Female_Empathy 02,215,215,True,214.0,0.0,True,True,214.0,0.0,True,True,214.0,0.0,True,True,214.0,0.0,True,True,214.0,12.0,True,True,,,False,False,205.0,3.0,True,True,214.0,0.0,True,True,214.0,0.0,True,True,,,tie,tie
Empathy,Female_Empathy 03,215,215,True,214.0,0.0,True,True,214.0,0.0,True,True,214.0,0.0,True,True,214.0,0.0,True,True,214.0,2.0,True,True,,,False,False,210.0,3.0,True,True,214.0,0.0,True,True,214.0,0.0,True,True,,,tie,tie
Empathy,Female_Empathy 04,215,215,True,214.0,0.0,True,True,214.0,0.0,True,True,214.0,0.0,True,True,214.0,0.0,True,True,196.0,1.0,True,True,,,False,False,195.0,1.0,True,True,214.0,0.0,True,True,214.0,0.0,True,True,,,tie,tie
Empathy,Female_Empathy 05,215,215,True,214.0,0.0,True,True,214.0,0.0,True,True,214.0,0.0,True,True,214.0,0.0,True,True,202.0,1.0,True,True,,,False,False,211.0,3.0,True,True,214.0,0.0,True,True,214.0,0.0,True,True,,,tie,tie
Expressions Anger,Female_Expressions Anger 01,215,215,True,214.0,0.0,True,True,214.0,0.0,True,True,214.0,0.0,True,True,214.0,0.0,True,True,203.0,1.0,True,True,111.0,107.0,True,True,202.0,3.0,True,True,214.0,0.0,True,True,214.0,0.0,True,True,,,tie,tie
Expressions Anger,Female_Expressions Anger 02,215,215,True,214.0,0.0,True,True,214.0,0.0,True,True,214.0,0.0,True,True,214.0,0.0,True,True,204.0,4.0,True,True,112.0,107.0,True,True,202.0,3.0,True,True,214.0,0.0,True,True,214.0,0.0,True,True,,,tie,tie
Expressions Anger,Female_Expressions Anger 03,215,215,True,214.0,0.0,True,True,214.0,0.0,True,True,214.0,0.0,True,True,214.0,0.0,True,True,204.0,14.0,True,True,111.0,107.0,True,True,202.0,156.0,True,True,214.0,0.0,True,True,214.0,0.0,True,True,,,tie,tie
Expressions Anger,Female_Expressions Anger 04,215,215,True,214.0,0.0,True,True,214.0,0.0,True,True,214.0,0.0,True,True,214.0,0.0,True,True,205.0,1.0,True,True,111.0,108.0,True,True,205.0,1.0,True,True,214.0,0.0,True,True,214.0,0.0,True,True,,,tie,tie
Expressions Anger,Female_Expressions Anger 05,215,215,True,214.0,0.0,True,True,214.0,0.0,True,True,214.0,0.0,True,True,214.0,0.0,True,True,193.0,13.0,True,True,113.0,108.0,True,True,190.0,12.0,True,True,214.0,0.0,True,True,214.0,0.0,True,True,,,tie,tie
Expressions Confusion,Female_Expressions Confusion 01,215,215,True,214.0,0.0,True,True,214.0,0.0,True,True,214.0,0.0,True,True,214.0,0.0,True,True,194.0,1.0,True,True,,,False,False,193.0,2.0,True,True,214.0,0.0,True,True,214.0,0.0,True,True,,,tie,tie
Expressions Confusion,Female_Expressions Confusion 02,215,215,True,214.0,0.0,True,True,214.0,0.0,True,True,214.0,0.0,True,True,214.0,0.0,True,True,197.0,3.0,True,True,110.0,107.0,True,True,207.0,4.0,True,True,214.0,0.0,True,True,214.0,0.0,True,True,,,tie,tie
Expressions Confusion,Female_Expressions Confusion 03,215,215,True,214.0,0.0,True,True,214.0,0.0,True,True,214.0,0.0,True,True,214.0,0.0,True,True,202.0,12.0,True,True,112.0,107.0,True,True,190.0,3.0,True,True,214.0,0.0,True,True,214.0,0.0,True,True,,,tie,tie
Expressions Confusion,Female_Expressions Confusion 04,215,215,True,214.0,0.0,True,True,214.0,0.0,True,True,214.0,0.0,True,True,214.0,0.0,True,True,195.0,13.0,True,True,115.0,107.0,True,True,191.0,12.0,True,True,214.0,0.0,True,True,214.0,0.0,True,True,,,tie,tie
Expressions Confusion,Female_Expressions Confusion 05,215,215,True,214.0,0.0,True,True,214.0,0.0,True,True,214.0,0.0,True,True,214.0,0.0,True,True,205.0,1.0,True,True,111.0,108.0,True,True,205.0,1.0,True,True,214.0,0.0,True,True,214.0,0.0,True,True,,,tie,tie
Expressions Contempt,Female_Expressions Contempt 01,215,215,True,214.0,0.0,True,True,214.0,0.0,True,True,214.0,0.0,True,True,214.0,0.0,True,True,203.0,3.0,True,True,114.0,108.0,True,True,195.0,1.0,True,True,214.0,0.0,True,True,214.0,0.0,True,True,,,tie,tie
Expressions Contempt,Female_Expressions Contempt 02,215,215,True,214.0,0.0,True,True,214.0,0.0,True,True,214.0,0.0,True,True,214.0,0.0,True,True,204.0,1.0,True,True,111.0,107.0,True,True,195.0,1.0,True,True,214.0,0.0,True,True,214.0,0.0,True,True,,,tie,tie
Expressions Contempt,Female_Expressions Contempt 03,215,215,True,214.0,0.0,True,True,214.0,0.0,True,True,214.0,0.0,True,True,214.0,0.0,True,True,204.0,1.0,True,True,114.0,107.0,True,True,195.0,3.0,True,True,214.0,0.0,True,True,214.0,0.0,True,True,,,tie,tie
Expressions Contempt,Female_Expressions Contempt 04,215,215,True,214.0,0.0,True,True,214.0,0.0,True,True,214.0,0.0,True,True,214.0,0.0,True,True,204.0,4.0,True,True,114.0,107.0,True,True,194.0,3.0,True,True,214.0,0.0,True,True,214.0,0.0,True,True,,,tie,tie
Expressions Contempt,Female_Expressions Contempt 05,215,215,True,214.0,0.0,True,True,214.0,0.0,True,True,214.0,0.0,True,True,214.0,0.0,True,True,204.0,1.0,True,True,112.0,108.0,True,True,182.0,2.0,True,True,214.0,0.0,True,True,214.0,0.0,True,True,,,tie,tie
Expressions Desire,Female_Expressions Desire 01,215,215,True,214.0,0.0,True,True,214.0,0.0,True,True,214.0,0.0,True,True,214.0,0.0,True,True,193.0,4.0,True,True,,,False,False,207.0,13.0,True,True,214.0,0.0,True,True,214.0,0.0,True,True,,,tie,tie
Expressions Desire,Female_Expressions Desire 02,215,215,True,214.0,0.0,True,True,214.0,0.0,True,True,214.0,0.0,True,True,214.0,0.0,True,True,193.0,4.0,True,True,112.0,107.0,True,True,193.0,11.0,True,True,214.0,0.0,True,True,214.0,0.0,True,True,,,tie,tie
Expressions Desire,Female_Expressions Desire 03,215,215,True,214.0,0.0,True,True,214.0,0.0,True,True,214.0,0.0,True,True,214.0,0.0,True,True,204.0,4.0,True,True,111.0,107.0,True,True,195.0,3.0,True,True,214.0,0.0,True,True,214.0,0.0,True,True,,,tie,tie
Expressions Desire,Female_Expressions Desire 04,215,215,True,214.0,0.0,True,True,214.0,0.0,True,True,214.0,0.0,True,True,214.0,0.0,True,True,204.0,1.0,True,True,,,False,False,206.0,1.0,True,True,214.0,0.0,True,True,214.0,0.0,True,True,,,tie,tie
Expressions Desire,Female_Expressions Desire 05,215,215,True,214.0,0.0,True,True,214.0,0.0,True,True,214.0,0.0,True,True,214.0,0.0,True,True,194.0,4.0,True,True,112.0,108.0,True,True,194.0,13.0,True,True,214.0,0.0,True,True,214.0,0.0,True,True,,,tie,tie
Expressions Disgust,Female_Expressions Disgust 01,215,215,True,214.0,0.0,True,True,214.0,0.0,True,True,214.0,0.0,True,True,214.0,0.0,True,True,204.0,4.0,True,True,114.0,111.0,True,True,194.0,2.0,True,True,214.0,0.0,True,True,214.0,0.0,True,True,,,tie,tie
Expressions Disgust,Female_Expressions Disgust 02,215,215,True,214.0,0.0,True,True,214.0,0.0,True,True,214.0,0.0,True,True,214.0,0.0,True,True,183.0,3.0,True,True,112.0,108.0,True,True,182.0,13.0,True,True,214.0,0.0,True,True,214.0,0.0,True,True,,,tie,tie
Expressions Disgust,Female_Expressions Disgust 03,215,215,True,214.0,0.0,True,True,214.0,0.0,True,True,214.0,0.0,True,True,214.0,0.0,True,True,195.0,1.0,True,True,112.0,108.0,True,True,183.0,13.0,True,True,214.0,0.0,True,True,214.0,0.0,True,True,,,tie,tie
Expressions Disgust,Female_Expressions Disgust 04,215,215,True,214.0,0.0,True,True,214.0,0.0,True,True,214.0,0.0,True,True,214.0,0.0,True,True,194.0,149.0,True,True,,,False,False,193.0,7.0,True,True,214.0,0.0,True,True,214.0,0.0,True,True,,,tie,tie
Expressions Disgust,Female_Expressions Disgust 05,215,215,True,214.0,0.0,True,True,214.0,0.0,True,True,214.0,0.0,True,True,214.0,0.0,True,True,187.0,1.0,True,True,112.0,107.0,True,True,187.0,13.0,True,True,214.0,0.0,True,True,214.0,0.0,True,True,,,tie,tie
Expressions Excitement,Female_Expressions Excitement 01,215,215,True,214.0,0.0,True,True,214.0,0.0,True,True,214.0,0.0,True,True,214.0,0.0,True,True,196.0,1.0,True,True,111.0,108.0,True,True,206.0,2.0,True,True,214.0,0.0,True,True,214.0,0.0,True,True,,,tie,tie
Expressions Excitement,Female_Expressions Excitement 02,215,215,True,214.0,0.0,True,True,214.0,0.0,True,True,214.0,0.0,True,True,214.0,0.0,True,True,185.0,2.0,True,True,113.0,110.0,True,True,204.0,1.0,True,True,214.0,0.0,True,True,214.0,0.0,True,True,,,tie,tie
Expressions Excitement,Female_Expressions Excitement 03,215,215,True,214.0,0.0,True,True,214.0,0.0,True,True,214.0,0.0,True,True,214.0,0.0,True,True,193.0,12.0,True,True,114.0,108.0,True,True,183.0,12.0,True,True,214.0,0.0,True,True,214.0,0.0,True,True,,,tie,tie
Expressions Excitement,Female_Expressions Excitement 04,215,215,True,214.0,0.0,True,True,214.0,0.0,True,True,214.0,0.0,True,True,214.0,0.0,True,True,196.0,1.0,True,True,112.0,107.0,True,True,207.0,4.0,True,True,214.0,0.0,True,True,214.0,0.0,True,True,,,tie,tie
Expressions Excitement,Female_Expressions Excitement 05,215,215,True,214.0,0.0,True,True,214.0,0.0,True,True,214.0,0.0,True,True,214.0,0.0,True,True,204.0,1.0,True,True,112.0,107.0,True,True,203.0,2.0,True,True,214.0,0.0,True,True,214.0,0.0,True,True,,,tie,tie
Expressions Fear,Female_Expressions Fear 01,215,215,True,214.0,0.0,True,True,214.0,0.0,True,True,214.0,0.0,True,True,214.0,0.0,True,True,205.0,14.0,True,True,111.0,108.0,True,True,205.0,13.0,True,True,214.0,0.0,True,True,214.0,0.0,True,True,,,tie,tie
Expressions Fear,Female_Expressions Fear 02,215,215,True,214.0,0.0,True,True,214.0,0.0,True,True,214.0,0.0,True,True,214.0,0.0,True,True,206.0,1.0,True,True,110.0,108.0,True,True,204.0,1.0,True,True,214.0,0.0,True,True,214.0,0.0,True,True,,,tie,tie
Expressions Fear,Female_Expressions Fear 03,215,215,True,214.0,0.0,True,True,214.0,0.0,True,True,214.0,0.0,True,True,214.0,0.0,True,True,196.0,1.0,True,True,112.0,107.0,True,True,192.0,1.0,True,True,214.0,0.0,True,True,214.0,0.0,True,True,,,tie,tie
Expressions Fear,Female_Expressions Fear 04,215,215,True,214.0,0.0,True,True,214.0,0.0,True,True,214.0,0.0,True,True,214.0,0.0,True,True,202.0,3.0,True,True,111.0,107.0,True,True,182.0,3.0,True,True,214.0,0.0,True,True,214.0,0.0,True,True,,,tie,tie
Expressions Fear,Female_Expressions Fear 05,215,215,True,214.0,0.0,True,True,214.0,0.0,True,True,214.0,0.0,True,True,214.0,0.0,True,True,203.0,4.0,True,True,110.0,108.0,True,True,168.0,3.0,True,True,214.0,0.0,True,True,214.0,0.0,True,True,,,tie,tie
Expressions Happiness,Female_Expressions Happiness 01,215,215,True,214.0,0.0,True,True,214.0,0.0,True,True,214.0,0.0,True,True,214.0,0.0,True,True,203.0,11.0,True,True,115.0,107.0,True,True,202.0,13.0,True,True,214.0,0.0,True,True,214.0,0.0,True,True,,,tie,tie
Expressions Happiness,Female_Expressions Happiness 02,215,215,True,214.0,0.0,True,True,214.0,0.0,True,True,214.0,0.0,True,True,214.0,0.0,True,True,204.0,13.0,True,True,112.0,107.0,True,True,191.0,3.0,True,True,214.0,0.0,True,True,214.0,0.0,True,True,,,tie,tie
Expressions Happiness,Female_Expressions Happiness 03,215,215,True,214.0,0.0,True,True,214.0,0.0,True,True,214.0,0.0,True,True,214.0,0.0,True,True,202.0,2.0,True,True,112.0,107.0,True,True,206.0,1.0,True,True,214.0,0.0,True,True,214.0,0.0,True,True,,,tie,tie
Expressions Happiness,Female_Expressions Happiness 04,215,215,True,214.0,0.0,True,True,214.0,0.0,True,True,214.0,0.0,True,True,214.0,0.0,True,True,203.0,1.0,True,True,116.0,107.0,True,True,192.0,13.0,True,True,214.0,0.0,True,True,214.0,0.0,True,True,,,tie,tie
Expressions Happiness,Female_Expressions Happiness 05,215,215,True,214.0,0.0,True,True,214.0,0.0,True,True,214.0,0.0,True,True,214.0,0.0,True,True,195.0,2.0,True,True,114.0,107.0,True,True,191.0,13.0,True,True,214.0,0.0,True,True,214.0,0.0,True,True,,,tie,tie
Expressions Sadness,Female_Expressions Sadness 01,215,215,True,214.0,0.0,True,True,214.0,0.0,True,True,214.0,0.0,True,True,214.0,0.0,True,True,194.0,3.0,True,True,110.0,107.0,True,True,191.0,12.0,True,True,214.0,0.0,True,True,214.0,0.0,True,True,,,tie,tie
Expressions Sadness,Female_Expressions Sadness 02,215,215,True,214.0,0.0,True,True,214.0,0.0,True,True,214.0,0.0,True,True,214.0,0.0,True,True,204.0,3.0,True,True,112.0,108.0,True,True,191.0,1.0,True,True,214.0,0.0,True,True,214.0,0.0,True,True,,,tie,tie
Expressions Sadness,Female_Expressions Sadness 03,215,215,True,214.0,0.0,True,True,214.0,0.0,True,True,214.0,0.0,True,True,214.0,0.0,True,True,195.0,3.0,True,True,110.0,107.0,True,True,184.0,3.0,True,True,214.0,0.0,True,True,214.0,0.0,True,True,,,tie,tie
Expressions Sadness,Female_Expressions Sadness 04,215,215,True,214.0,0.0,True,True,214.0,0.0,True,True,214.0,0.0,True,True,214.0,0.0,True,True,205.0,5.0,True,True,110.0,108.0,True,True,181.0,5.0,True,True,214.0,0.0,True,True,214.0,0.0,True,True,,,tie,tie
Expressions Sadness,Female_Expressions Sadness 05,215,215,True,214.0,0.0,True,True,214.0,0.0,True,True,214.0,0.0,True,True,214.0,0.0,True,True,204.0,4.0,True,True,,,False,False,199.0,3.0,True,True,214.0,0.0,True,True,214.0,0.0,True,True,,,tie,tie
Expressions Surprise,Female_Expressions Surprise 01,215,215,True,214.0,0.0,True,True,214.0,0.0,True,True,214.0,0.0,True,True,214.0,0.0,True,True,203.0,1.0,True,True,,,False,False,190.0,1.0,True,True,214.0,0.0,True,True,214.0,0.0,True,True,,,tie,tie
Expressions Surprise,Female_Expressions Surprise 02,215,215,True,214.0,0.0,True,True,214.0,0.0,True,True,214.0,0.0,True,True,214.0,0.0,True,True,196.0,2.0,True,True,109.0,107.0,True,True,191.0,1.0,True,True,214.0,0.0,True,True,214.0,0.0,True,True,,,tie,tie
Expressions Surprise,Female_Expressions Surprise 03,215,215,True,214.0,0.0,True,True,214.0,0.0,True,True,214.0,0.0,True,True,214.0,0.0,True,True,204.0,1.0,True,True,111.0,107.0,True,True,207.0,2.0,True,True,214.0,0.0,True,True,214.0,0.0,True,True,,,tie,tie
Expressions Surprise,Female_Expressions Surprise 04,215,215,True,214.0,0.0,True,True,214.0,0.0,True,True,214.0,0.0,True,True,214.0,0.0,True,True,209.0,2.0,True,True,113.0,107.0,True,True,197.0,2.0,True,True,214.0,0.0,True,True,214.0,0.0,True,True,,,tie,tie
Expressions Surprise,Female_Expressions Surprise 05,215,215,True,214.0,0.0,True,True,214.0,0.0,True,True,214.0,0.0,True,True,214.0,0.0,True,True,204.0,1.0,True,True,115.0,107.0,True,True,206.0,2.0,True,True,214.0,0.0,True,True,214.0,0.0,True,True,,,tie,tie
Eyeglasses,Female_Eyeglasses 1,215,215,True,214.0,0.0,True,True,214.0,0.0,True,True,214.0,0.0,True,True,214.0,0.0,True,True,214.0,1.0,True,True,,,False,False,213.0,11.0,True,True,200.0,0.0,True,True,200.0,0.0,True,True,,,tie,tie
Fear,Female_Fear 01,215,215,True,214.0,0.0,True,True,214.0,0.0,True,True,214.0,0.0,True,True,214.0,0.0,True,True,213.0,1.0,True,True,,,False,False,213.0,6.0,True,True,214.0,0.0,True,True,214.0,0.0,True,True,,,tie,tie
Fear,Female_Fear 02,215,215,True,214.0,0.0,True,True,214.0,0.0,True,True,214.0,0.0,True,True,214.0,0.0,True,True,214.0,1.0,True,True,,,False,False,213.0,1.0,True,True,214.0,0.0,True,True,214.0,0.0,True,True,,,tie,tie
Fear,Female_Fear 03,215,215,True,214.0,0.0,True,True,214.0,0.0,True,True,214.0,0.0,True,True,214.0,0.0,True,True,213.0,3.0,True,True,,,False,False,213.0,7.0,True,True,214.0,0.0,True,True,214.0,0.0,True,True,,,tie,tie
Fear,Female_Fear 04,215,215,True,214.0,0.0,True,True,214.0,0.0,True,True,214.0,0.0,True,True,214.0,0.0,True,True,210.0,1.0,True,True,,,False,False,212.0,1.0,True,True,214.0,0.0,True,True,214.0,0.0,True,True,,,tie,tie
Fear,Female_Fear 05,215,215,True,214.0,0.0,True,True,214.0,0.0,True,True,214.0,0.0,True,True,214.0,0.0,True,True,214.0,3.0,True,True,,,False,False,154.0,14.0,True,True,214.0,0.0,True,True,214.0,0.0,True,True,,,tie,tie
Fierce Cutthroat,Female_Fierce Cutthroat,215,215,True,214.0,0.0,True,True,214.0,0.0,True,True,214.0,0.0,True,True,214.0,0.0,True,True,213.0,13.0,True,True,,,False,False,213.0,197.0,True,True,214.0,0.0,True,True,214.0,0.0,True,True,,,tie,tie
Fierce Fiery,Female_Fierce Fiery,215,215,True,214.0,0.0,True,True,214.0,0.0,True,True,214.0,0.0,True,True,214.0,0.0,True,True,214.0,1.0,True,True,,,False,False,211.0,1.0,True,True,214.0,0.0,True,True,214.0,0.0,True,True,,,tie,tie
Fierce Savage,Female_Fierce Savage,215,215,True,214.0,0.0,True,True,214.0,0.0,True,True,214.0,0.0,True,True,214.0,0.0,True,True,190.0,5.0,True,True,,,False,False,213.0,4.0,True,True,214.0,0.0,True,True,214.0,0.0,True,True,,,tie,tie
Happy,Female_Happy 01,215,215,True,214.0,0.0,True,True,214.0,0.0,True,True,214.0,0.0,True,True,214.0,0.0,True,True,214.0,3.0,True,True,,,False,False,210.0,2.0,True,True,214.0,0.0,True,True,214.0,0.0,True,True,,,tie,tie
Happy,Female_Happy 02,215,215,True,214.0,0.0,True,True,214.0,0.0,True,True,214.0,0.0,True,True,214.0,0.0,True,True,213.0,4.0,True,True,,,False,False,202.0,13.0,True,True,214.0,0.0,True,True,214.0,0.0,True,True,,,tie,tie
Happy,Female_Happy 03,215,215,True,214.0,0.0,True,True,214.0,0.0,True,True,214.0,0.0,True,True,214.0,0.0,True,True,213.0,1.0,True,True,,,False,False,201.0,1.0,True,True,214.0,0.0,True,True,214.0,0.0,True,True,,,tie,tie
Happy,Female_Happy 04,215,215,True,214.0,0.0,True,True,214.0,0.0,True,True,214.0,0.0,True,True,214.0,0.0,True,True,214.0,4.0,True,True,,,False,False,191.0,13.0,True,True,214.0,0.0,True,True,214.0,0.0,True,True,,,tie,tie
Happy,Female_Happy 05,215,215,True,214.0,0.0,True,True,214.0,0.0,True,True,214.0,0.0,True,True,214.0,0.0,True,True,214.0,1.0,True,True,,,False,False,15.0,4.0,True,True,214.0,0.0,True,True,214.0,0.0,True,True,,,tie,tie
Happy Elated,Female_Happy Elated,215,215,True,214.0,0.0,True,True,214.0,0.0,True,True,214.0,0.0,True,True,214.0,0.0,True,True,211.0,12.0,True,True,,,False,False,213.0,1.0,True,True,214.0,0.0,True,True,214.0,0.0,True,True,,,tie,tie
Happy Perky,Female_Happy Perky,215,215,True,214.0,0.0,True,True,214.0,0.0,True,True,214.0,0.0,True,True,214.0,0.0,True,True,214.0,3.0,True,True,,,False,False,213.0,198.0,True,True,214.0,0.0,True,True,214.0,0.0,True,True,,,tie,tie
Happy So Peaceful,Female_Happy So Peaceful,215,215,True,214.0,0.0,True,True,214.0,0.0,True,True,214.0,0.0,True,True,214.0,0.0,True,True,214.0,10.0,True,True,,,False,False,14.0,1.0,True,True,214.0,0.0,True,True,214.0,0.0,True,True,,,tie,tie
Humiliated,Female_Humiliated,215,215,True,214.0,0.0,True,True,214.0,0.0,True,True,214.0,0.0,True,True,214.0,0.0,True,True,213.0,2.0,True,True,,,False,False,213.0,2.0,True,True,214.0,0.0,True,True,214.0,0.0,True,True,,,tie,tie
Insanity Deranged,Female_Insanity Deranged,215,215,True,214.0,0.0,True,True,214.0,0.0,True,True,214.0,0.0,True,True,214.0,0.0,True,True,214.0,1.0,True,True,,,False,False,213.0,1.0,True,True,214.0,0.0,True,True,214.0,0.0,True,True,,,tie,tie
Insanity Go Cuckoo,Female_Insanity Go Cuckoo,215,215,True,214.0,0.0,True,True,214.0,0.0,True,True,214.0,0.0,True,True,214.0,0.0,True,True,214.0,155.0,True,True,,,False,False,206.0,170.0,True,True,214.0,0.0,True,True,214.0,0.0,True,True,,,tie,tie
Insanity Going Crazy,Female_Insanity Going Crazy,215,215,True,214.0,0.0,True,True,214.0,0.0,True,True,214.0,0.0,True,True,214.0,0.0,True,True,213.0,4.0,True,True,,,False,False,213.0,1.0,True,True,214.0,0.0,True,True,214.0,0.0,True,True,,,tie,tie
Insanity Hostile,Female_Insanity Hostile,215,215,True,214.0,0.0,True,True,214.0,0.0,True,True,214.0,0.0,True,True,214.0,0.0,True,True,213.0,14.0,True,True,,,False,False,213.0,1.0,True,True,214.0,0.0,True,True,214.0,0.0,True,True,,,tie,tie
Insanity Lunatic,Female_Insanity Lunatic,215,215,True,214.0,0.0,True,True,214.0,0.0,True,True,214.0,0.0,True,True,214.0,0.0,True,True,213.0,1.0,True,True,,,False,False,213.0,1.0,True,True,214.0,0.0,True,True,214.0,0.0,True,True,,,tie,tie
Joy,Female_Joy 01,215,215,True,214.0,0.0,True,True,214.0,0.0,True,True,214.0,0.0,True,True,214.0,0.0,True,True,214.0,3.0,True,True,,,False,False,210.0,1.0,True,True,214.0,0.0,True,True,214.0,0.0,True,True,,,tie,tie
Joy,Female_Joy 02,215,215,True,214.0,0.0,True,True,214.0,0.0,True,True,214.0,0.0,True,True,214.0,0.0,True,True,214.0,7.0,True,True,,,False,False,213.0,10.0,True,True,214.0,0.0,True,True,214.0,0.0,True,True,,,tie,tie
Joy,Female_Joy 03,215,215,True,214.0,0.0,True,True,214.0,0.0,True,True,214.0,0.0,True,True,214.0,0.0,True,True,208.0,3.0,True,True,,,False,False,207.0,3.0,True,True,214.0,0.0,True,True,214.0,0.0,True,True,,,tie,tie
Joy,Female_Joy 04,215,215,True,214.0,0.0,True,True,214.0,0.0,True,True,214.0,0.0,True,True,214.0,0.0,True,True,214.0,4.0,True,True,,,False,False,213.0,3.0,True,True,214.0,0.0,True,True,214.0,0.0,True,True,,,tie,tie
Joy,Female_Joy 05,215,215,True,214.0,0.0,True,True,214.0,0.0,True,True,214.0,0.0,True,True,214.0,0.0,True,True,214.0,1.0,True,True,,,False,False,213.0,1.0,True,True,214.0,0.0,True,True,214.0,0.0,True,True,,,tie,tie
Judgemental,Female_Judgemental 01,215,215,True,214.0,0.0,True,True,214.0,0.0,True,True,214.0,0.0,True,True,214.0,0.0,True,True,214.0,4.0,True,True,,,False,False,209.0,9.0,True,True,214.0,0.0,True,True,214.0,0.0,True,True,,,tie,tie
Judgemental,Female_Judgemental 02,215,215,True,214.0,0.0,True,True,214.0,0.0,True,True,214.0,0.0,True,True,214.0,0.0,True,True,214.0,1.0,True,True,,,False,False,213.0,1.0,True,True,214.0,0.0,True,True,214.0,0.0,True,True,,,tie,tie
Judgemental,Female_Judgemental 03,215,215,True,214.0,0.0,True,True,214.0,0.0,True,True,214.0,0.0,True,True,214.0,0.0,True,True,208.0,4.0,True,True,,,False,False,204.0,3.0,True,True,214.0,0.0,True,True,214.0,0.0,True,True,,,tie,tie
Judgemental,Female_Judgemental 04,215,215,True,214.0,0.0,True,True,214.0,0.0,True,True,214.0,0.0,True,True,214.0,0.0,True,True,214.0,3.0,True,True,,,False,False,213.0,13.0,True,True,214.0,0.0,True,True,214.0,0.0,True,True,,,tie,tie
Judgemental,Female_Judgemental 05,215,215,True,214.0,0.0,True,True,214.0,0.0,True,True,214.0,0.0,True,True,214.0,0.0,True,True,214.0,4.0,True,True,,,False,False,212.0,3.0,True,True,214.0,0.0,True,True,214.0,0.0,True,True,,,tie,tie
Nervous,Female_Nervous,215,215,True,214.0,0.0,True,True,214.0,0.0,True,True,214.0,0.0,True,True,214.0,0.0,True,True,209.0,3.0,True,True,,,False,False,207.0,3.0,True,True,214.0,0.0,True,True,214.0,0.0,True,True,,,tie,tie
Pain,Female_Pain 01,215,215,True,214.0,0.0,True,True,214.0,0.0,True,True,214.0,0.0,True,True,214.0,0.0,True,True,213.0,2.0,True,True,,,False,False,211.0,1.0,True,True,214.0,0.0,True,True,214.0,0.0,True,True,,,tie,tie
Pain,Female_Pain 02,215,215,True,214.0,0.0,True,True,214.0,0.0,True,True,214.0,0.0,True,True,214.0,0.0,True,True,214.0,1.0,True,True,,,False,False,213.0,2.0,True,True,214.0,0.0,True,True,214.0,0.0,True,True,,,tie,tie
Pain,Female_Pain 03,215,215,True,214.0,0.0,True,True,214.0,0.0,True,True,214.0,0.0,True,True,214.0,0.0,True,True,210.0,2.0,True,True,,,False,False,211.0,2.0,True,True,214.0,0.0,True,True,214.0,0.0,True,True,,,tie,tie
Pain,Female_Pain 04,215,215,True,214.0,0.0,True,True,214.0,0.0,True,True,214.0,0.0,True,True,214.0,0.0,True,True,214.0,3.0,True,True,,,False,False,213.0,12.0,True,True,214.0,0.0,True,True,214.0,0.0,True,True,,,tie,tie
Pain,Female_Pain 05,215,215,True,214.0,0.0,True,True,214.0,0.0,True,True,214.0,0.0,True,True,214.0,0.0,True,True,214.0,3.0,True,True,,,False,False,213.0,1.0,True,True,214.0,0.0,True,True,214.0,0.0,True,True,,,tie,tie
Pain Illness,Female_Pain Illness,215,215,True,214.0,0.0,True,True,214.0,0.0,True,True,214.0,0.0,True,True,214.0,0.0,True,True,208.0,3.0,True,True,,,False,False,211.0,11.0,True,True,214.0,0.0,True,True,214.0,0.0,True,True,,,tie,tie
Playful,Female_Playful 01,215,215,True,214.0,0.0,True,True,214.0,0.0,True,True,214.0,0.0,True,True,214.0,0.0,True,True,214.0,1.0,True,True,,,False,False,213.0,4.0,True,True,214.0,0.0,True,True,214.0,0.0,True,True,,,tie,tie
Playful,Female_Playful 02,215,215,True,214.0,0.0,True,True,214.0,0.0,True,True,214.0,0.0,True,True,214.0,0.0,True,True,212.0,5.0,True,True,,,False,False,210.0,6.0,True,True,214.0,0.0,True,True,214.0,0.0,True,True,,,tie,tie
Playful,Female_Playful 03,215,215,True,214.0,0.0,True,True,214.0,0.0,True,True,214.0,0.0,True,True,214.0,0.0,True,True,214.0,1.0,True,True,,,False,False,213.0,3.0,True,True,214.0,0.0,True,True,214.0,0.0,True,True,,,tie,tie
Playful,Female_Playful 04,215,215,True,214.0,0.0,True,True,214.0,0.0,True,True,214.0,0.0,True,True,214.0,0.0,True,True,214.0,1.0,True,True,,,False,False,213.0,1.0,True,True,214.0,0.0,True,True,214.0,0.0,True,True,,,tie,tie
Playful,Female_Playful 05,215,215,True,214.0,0.0,True,True,214.0,0.0,True,True,214.0,0.0,True,True,214.0,0.0,True,True,214.0,2.0,True,True,,,False,False,210.0,2.0,True,True,214.0,0.0,True,True,214.0,0.0,True,True,,,tie,tie
Pleasure Oo So Funny,Female_Pleasure Oo So Funny,215,215,True,214.0,0.0,True,True,214.0,0.0,True,True,214.0,0.0,True,True,214.0,0.0,True,True,10.0,2.0,True,True,,,False,False,208.0,2.0,True,True,214.0,0.0,True,True,214.0,0.0,True,True,,,tie,tie
Romantic,Female_Romantic 01,215,215,True,214.0,0.0,True,True,214.0,0.0,True,True,214.0,0.0,True,True,214.0,0.0,True,True,214.0,3.0,True,True,,,False,False,213.0,3.0,True,True,214.0,0.0,True,True,214.0,0.0,True,True,,,tie,tie
Romantic,Female_Romantic 02,215,215,True,214.0,0.0,True,True,214.0,0.0,True,True,214.0,0.0,True,True,214.0,0.0,True,True,214.0,1.0,True,True,,,False,False,207.0,22.0,True,True,214.0,0.0,True,True,214.0,0.0,True,True,,,tie,tie
Romantic,Female_Romantic 03,215,215,True,214.0,0.0,True,True,214.0,0.0,True,True,214.0,0.0,True,True,214.0,0.0,True,True,214.0,14.0,True,True,,,False,False,196.0,5.0,True,True,214.0,0.0,True,True,214.0,0.0,True,True,,,tie,tie
Romantic,Female_Romantic 04,215,215,True,214.0,0.0,True,True,214.0,0.0,True,True,214.0,0.0,True,True,214.0,0.0,True,True,214.0,3.0,True,True,,,False,False,207.0,13.0,True,True,214.0,0.0,True,True,214.0,0.0,True,True,,,tie,tie
Romantic,Female_Romantic 05,215,215,True,214.0,0.0,True,True,214.0,0.0,True,True,214.0,0.0,True,True,214.0,0.0,True,True,213.0,2.0,True,True,,,False,False,208.0,2.0,True,True,214.0,0.0,True,True,214.0,0.0,True,True,,,tie,tie
S Wink,Female_S Wink 02,215,215,True,214.0,0.0,True,True,214.0,0.0,True,True,214.0,0.0,True,True,214.0,0.0,True,True,214.0,1.0,True,True,,,False,False,213.0,1.0,True,True,214.0,0.0,True,True,214.0,0.0,True,True,,,tie,tie
Sad,Female_Sad 01,215,215,True,214.0,0.0,True,True,214.0,0.0,True,True,214.0,0.0,True,True,214.0,0.0,True,True,214.0,4.0,True,True,,,False,False,210.0,3.0,True,True,214.0,0.0,True,True,214.0,0.0,True,True,,,tie,tie
Sad,Female_Sad 02,215,215,True,214.0,0.0,True,True,214.0,0.0,True,True,214.0,0.0,True,True,214.0,0.0,True,True,214.0,3.0,True,True,,,False,False,210.0,2.0,True,True,214.0,0.0,True,True,214.0,0.0,True,True,,,tie,tie
Sad,Female_Sad 03,215,215,True,214.0,0.0,True,True,214.0,0.0,True,True,214.0,0.0,True,True,214.0,0.0,True,True,214.0,1.0,True,True,,,False,False,154.0,1.0,True,True,214.0,0.0,True,True,214.0,0.0,True,True,,,tie,tie
Sad,Female_Sad 04,215,215,True,214.0,0.0,True,True,214.0,0.0,True,True,214.0,0.0,True,True,214.0,0.0,True,True,205.0,1.0,True,True,,,False,False,154.0,1.0,True,True,214.0,0.0,True,True,214.0,0.0,True,True,,,tie,tie
Sad,Female_Sad 05,215,215,True,214.0,0.0,True,True,214.0,0.0,True,True,214.0,0.0,True,True,214.0,0.0,True,True,214.0,1.0,True,True,,,False,False,213.0,13.0,True,True,214.0,0.0,True,True,214.0,0.0,True,True,,,tie,tie
Scream,Female_Scream,215,215,True,214.0,0.0,True,True,214.0,0.0,True,True,214.0,0.0,True,True,214.0,0.0,True,True,214.0,1.0,True,True,,,False,False,212.0,2.0,True,True,214.0,0.0,True,True,214.0,0.0,True,True,,,tie,tie
Seriousness,Female_Seriousness 01,215,215,True,214.0,0.0,True,True,214.0,0.0,True,True,214.0,0.0,True,True,214.0,0.0,True,True,214.0,3.0,True,True,,,False,False,210.0,3.0,True,True,214.0,0.0,True,True,214.0,0.0,True,True,,,tie,tie
Seriousness,Female_Seriousness 02,215,215,True,214.0,0.0,True,True,214.0,0.0,True,True,214.0,0.0,True,True,214.0,0.0,True,True,214.0,4.0,True,True,,,False,False,213.0,5.0,True,True,214.0,0.0,True,True,214.0,0.0,True,True,,,tie,tie
Seriousness,Female_Seriousness 03,215,215,True,214.0,0.0,True,True,214.0,0.0,True,True,214.0,0.0,True,True,214.0,0.0,True,True,214.0,3.0,True,True,,,False,False,213.0,5.0,True,True,214.0,0.0,True,True,214.0,0.0,True,True,,,tie,tie
Seriousness,Female_Seriousness 04,215,215,True,214.0,0.0,True,True,214.0,0.0,True,True,214.0,0.0,True,True,214.0,0.0,True,True,213.0,4.0,True,True,,,False,False,212.0,3.0,True,True,214.0,0.0,True,True,214.0,0.0,True,True,,,tie,tie
Seriousness,Female_Seriousness 05,215,215,True,214.0,0.0,True,True,214.0,0.0,True,True,214.0,0.0,True,True,214.0,0.0,True,True,213.0,14.0,True,True,,,False,False,213.0,14.0,True,True,214.0,0.0,True,True,214.0,0.0,True,True,,,tie,tie
Silly,Female_Silly 01,215,215,True,214.0,0.0,True,True,214.0,0.0,True,True,214.0,0.0,True,True,214.0,0.0,True,True,208.0,2.0,True,True,,,False,False,211.0,2.0,True,True,214.0,0.0,True,True,214.0,0.0,True,True,,,tie,tie
Silly,Female_Silly 02,215,215,True,214.0,0.0,True,True,214.0,0.0,True,True,214.0,0.0,True,True,214.0,0.0,True,True,214.0,2.0,True,True,,,False,False,213.0,3.0,True,True,214.0,0.0,True,True,214.0,0.0,True,True,,,tie,tie
Silly,Female_Silly 03,215,215,True,214.0,0.0,True,True,214.0,0.0,True,True,214.0,0.0,True,True,214.0,0.0,True,True,207.0,1.0,True,True,,,False,False,211.0,2.0,True,True,214.0,0.0,True,True,214.0,0.0,True,True,,,tie,tie
Silly,Female_Silly 04,215,215,True,214.0,0.0,True,True,214.0,0.0,True,True,214.0,0.0,True,True,214.0,0.0,True,True,214.0,1.0,True,True,,,False,False,204.0,1.0,True,True,214.0,0.0,True,True,214.0,0.0,True,True,,,tie,tie
Silly,Female_Silly 05,215,215,True,214.0,0.0,True,True,214.0,0.0,True,True,214.0,0.0,True,True,214.0,0.0,True,True,214.0,3.0,True,True,,,False,False,207.0,13.0,True,True,214.0,0.0,True,True,214.0,0.0,True,True,,,tie,tie
Sleepy,Female_Sleepy,215,215,True,214.0,0.0,True,True,214.0,0.0,True,True,214.0,0.0,True,True,214.0,0.0,True,True,214.0,1.0,True,True,,,False,False,212.0,1.0,True,True,214.0,0.0,True,True,214.0,0.0,True,True,,,tie,tie
Sleepy,Female_Sleepy 01,215,215,True,214.0,0.0,True,True,214.0,0.0,True,True,214.0,0.0,True,True,214.0,0.0,True,True,208.0,1.0,True,True,,,False,False,210.0,1.0,True,True,214.0,0.0,True,True,214.0,0.0,True,True,,,tie,tie
Sleepy,Female_Sleepy 02,215,215,True,214.0,0.0,True,True,214.0,0.0,True,True,214.0,0.0,True,True,214.0,0.0,True,True,214.0,1.0,True,True,,,False,False,207.0,2.0,True,True,214.0,0.0,True,True,214.0,0.0,True,True,,,tie,tie
Sleepy,Female_Sleepy 03,215,215,True,214.0,0.0,True,True,214.0,0.0,True,True,214.0,0.0,True,True,214.0,0.0,True,True,208.0,1.0,True,True,,,False,False,207.0,13.0,True,True,214.0,0.0,True,True,214.0,0.0,True,True,,,tie,tie
Sleepy,Female_Sleepy 04,215,215,True,214.0,0.0,True,True,214.0,0.0,True,True,214.0,0.0,True,True,214.0,0.0,True,True,214.0,13.0,True,True,,,False,False,207.0,14.0,True,True,214.0,0.0,True,True,214.0,0.0,True,True,,,tie,tie
Sleepy,Female_Sleepy 05,215,215,True,214.0,0.0,True,True,214.0,0.0,True,True,214.0,0.0,True,True,214.0,0.0,True,True,214.0,3.0,True,True,,,False,False,210.0,1.0,True,True,214.0,0.0,True,True,214.0,0.0,True,True,,,tie,tie
Subtle,Female_Subtle 01,215,215,True,214.0,0.0,True,True,214.0,0.0,True,True,214.0,0.0,True,True,214.0,0.0,True,True,210.0,3.0,True,True,,,False,False,207.0,13.0,True,True,214.0,0.0,True,True,214.0,0.0,True,True,,,tie,tie
Subtle,Female_Subtle 02,215,215,True,214.0,0.0,True,True,214.0,0.0,True,True,214.0,0.0,True,True,214.0,0.0,True,True,214.0,4.0,True,True,,,False,False,207.0,13.0,True,True,214.0,0.0,True,True,214.0,0.0,True,True,,,tie,tie
Subtle,Female_Subtle 03,215,215,True,214.0,0.0,True,True,214.0,0.0,True,True,214.0,0.0,True,True,214.0,0.0,True,True,214.0,3.0,True,True,,,False,False,25.0,23.0,True,True,214.0,0.0,True,True,214.0,0.0,True,True,,,tie,tie
Subtle,Female_Subtle 04,215,215,True,214.0,0.0,True,True,214.0,0.0,True,True,214.0,0.0,True,True,214.0,0.0,True,True,213.0,188.0,True,True,,,False,False,213.0,2.0,True,True,214.0,0.0,True,True,214.0,0.0,True,True,,,tie,tie
Talking,Female_Talking 01,215,215,True,214.0,0.0,True,True,214.0,0.0,True,True,214.0,0.0,True,True,214.0,0.0,True,True,214.0,1.0,True,True,,,False,False,203.0,1.0,True,True,214.0,0.0,True,True,214.0,0.0,True,True,,,tie,tie
Talking,Female_Talking 02,215,215,True,214.0,0.0,True,True,214.0,0.0,True,True,214.0,0.0,True,True,214.0,0.0,True,True,208.0,3.0,True,True,,,False,False,204.0,2.0,True,True,214.0,0.0,True,True,214.0,0.0,True,True,,,tie,tie
Talking,Female_Talking 03,215,215,True,214.0,0.0,True,True,214.0,0.0,True,True,214.0,0.0,True,True,214.0,0.0,True,True,214.0,1.0,True,True,,,False,False,213.0,1.0,True,True,214.0,0.0,True,True,214.0,0.0,True,True,,,tie,tie
Talking,Female_Talking 04,215,215,True,214.0,0.0,True,True,214.0,0.0,True,True,214.0,0.0,True,True,214.0,0.0,True,True,212.0,1.0,True,True,,,False,False,213.0,1.0,True,True,214.0,0.0,True,True,214.0,0.0,True,True,,,tie,tie
Talking,Female_Talking 05,215,215,True,214.0,0.0,True,True,214.0,0.0,True,True,214.0,0.0,True,True,214.0,0.0,True,True,214.0,4.0,True,True,,,False,False,211.0,3.0,True,True,214.0,0.0,True,True,214.0,0.0,True,True,,,tie,tie
Terror,Female_Terror,215,215,True,214.0,0.0,True,True,214.0,0.0,True,True,214.0,0.0,True,True,214.0,0.0,True,True,214.0,2.0,True,True,,,False,False,212.0,1.0,True,True,214.0,0.0,True,True,214.0,0.0,True,True,,,tie,tie
Terror Phobia,Female_Terror Phobia,215,215,True,214.0,0.0,True,True,214.0,0.0,True,True,214.0,0.0,True,True,214.0,0.0,True,True,214.0,1.0,True,True,,,False,False,213.0,3.0,True,True,214.0,0.0,True,True,214.0,0.0,True,True,,,tie,tie
Ulgh,Female_Ulgh,215,215,True,214.0,0.0,True,True,214.0,0.0,True,True,214.0,0.0,True,True,214.0,0.0,True,True,213.0,3.0,True,True,,,False,False,211.0,1.0,True,True,214.0,0.0,True,True,214.0,0.0,True,True,,,tie,tie
Wicked,Female_Wicked 01,215,215,True,214.0,0.0,True,True,214.0,0.0,True,True,214.0,0.0,True,True,214.0,0.0,True,True,214.0,3.0,True,True,,,False,False,207.0,2.0,True,True,214.0,0.0,True,True,214.0,0.0,True,True,,,tie,tie
Wicked,Female_Wicked 02,215,215,True,214.0,0.0,True,True,214.0,0.0,True,True,214.0,0.0,True,True,214.0,0.0,True,True,214.0,2.0,True,True,,,False,False,207.0,1.0,True,True,214.0,0.0,True,True,214.0,0.0,True,True,,,tie,tie
Wicked,Female_Wicked 03,215,215,True,214.0,0.0,True,True,214.0,0.0,True,True,214.0,0.0,True,True,214.0,0.0,True,True,207.0,1.0,True,True,,,False,False,206.0,12.0,True,True,214.0,0.0,True,True,214.0,0.0,True,True,,,tie,tie
Wicked,Female_Wicked 04,215,215,True,214.0,0.0,True,True,214.0,0.0,True,True,214.0,0.0,True,True,214.0,0.0,True,True,214.0,3.0,True,True,,,False,False,206.0,185.0,True,True,214.0,0.0,True,True,214.0,0.0,True,True,,,tie,tie
Wicked,Female_Wicked 05,215,215,True,214.0,0.0,True,True,214.0,0.0,True,True,214.0,0.0,True,True,214.0,0.0,True,True,214.0,8.0,True,True,,,False,False,206.0,173.0,True,True,214.0,0.0,True,True,214.0,0.0,True,True,,,tie,tie
Wink,Female_Wink,215,215,True,214.0,0.0,True,True,214.0,0.0,True,True,214.0,0.0,True,True,214.0,0.0,True,True,212.0,1.0,True,True,,,False,False,153.0,2.0,True,True,214.0,0.0,True,True,214.0,0.0,True,True,,,tie,tie
With Forehead Wrinkles Angry,Female_With Forehead Wrinkles Angry 01,215,215,True,214.0,0.0,True,True,214.0,0.0,True,True,214.0,0.0,True,True,214.0,0.0,True,True,213.0,1.0,True,True,,,False,False,213.0,2.0,True,True,214.0,0.0,True,True,214.0,0.0,True,True,,,tie,tie
With Forehead Wrinkles Angry,Female_With Forehead Wrinkles Angry 02,215,215,True,214.0,0.0,True,True,214.0,0.0,True,True,214.0,0.0,True,True,214.0,0.0,True,True,213.0,1.0,True,True,,,False,False,213.0,1.0,True,True,214.0,0.0,True,True,214.0,0.0,True,True,,,tie,tie
With Forehead Wrinkles Angry,Female_With Forehead Wrinkles Angry 03,215,215,True,214.0,0.0,True,True,214.0,0.0,True,True,214.0,0.0,True,True,214.0,0.0,True,True,213.0,65.0,True,True,,,False,False,209.0,1.0,True,True,214.0,0.0,True,True,214.0,0.0,True,True,,,tie,tie
With Forehead Wrinkles Angry,Female_With Forehead Wrinkles Angry 04,215,215,True,214.0,0.0,True,True,214.0,0.0,True,True,214.0,0.0,True,True,214.0,0.0,True,True,212.0,3.0,True,True,,,False,False,211.0,3.0,True,True,214.0,0.0,True,True,214.0,0.0,True,True,,,tie,tie
With Forehead Wrinkles Angry,Female_With Forehead Wrinkles Angry 05,215,215,True,214.0,0.0,True,True,214.0,0.0,True,True,214.0,0.0,True,True,214.0,0.0,True,True,214.0,2.0,True,True,,,False,False,213.0,2.0,True,True,214.0,0.0,True,True,214.0,0.0,True,True,,,tie,tie
ZMouth Open Horizontal,Female_ZMouth Open Horizontal,215,215,True,214.0,0.0,True,True,214.0,0.0,True,True,214.0,0.0,True,True,214.0,0.0,True,True,214.0,2.0,True,True,,,False,False,213.0,2.0,True,True,214.0,0.0,True,True,214.0,0.0,True,True,,,tie,tie
ZMouth Open Horizontal And Vertical,Female_ZMouth Open Horizontal And Vertical,215,215,True,214.0,0.0,True,True,214.0,0.0,True,True,214.0,0.0,True,True,214.0,0.0,True,True,214.0,1.0,True,True,,,False,False,213.0,1.0,True,True,214.0,0.0,True,True,214.0,0.0,True,True,,,tie,tie
+10,Male_+10,215,215,True,214.0,0.0,True,True,214.0,0.0,True,True,214.0,0.0,True,True,214.0,0.0,True,True,214.0,1.0,True,True,,,False,False,213.0,56.0,True,True,214.0,0.0,True,True,214.0,0.0,True,True,,,tie,tie
+20,Male_+20,215,215,True,214.0,0.0,True,True,214.0,0.0,True,True,214.0,0.0,True,True,214.0,0.0,True,True,213.0,1.0,True,True,,,False,False,213.0,2.0,True,True,214.0,0.0,True,True,214.0,0.0,True,True,,,tie,tie
+20_ZMouth Open Horizontal And Vertical,Male_+20_ZMouth Open Horizontal And Vertical,215,215,True,214.0,0.0,True,True,214.0,0.0,True,True,214.0,0.0,True,True,214.0,0.0,True,True,214.0,2.0,True,True,,,False,False,213.0,1.0,True,True,214.0,0.0,True,True,214.0,0.0,True,True,,,tie,tie
+30,Male_+30,215,215,True,214.0,0.0,True,True,214.0,0.0,True,True,214.0,0.0,True,True,214.0,0.0,True,True,214.0,3.0,True,True,,,False,False,213.0,1.0,True,True,214.0,0.0,True,True,214.0,0.0,True,True,,,tie,tie
+40,Male_+40,215,215,True,214.0,0.0,True,True,214.0,0.0,True,True,214.0,0.0,True,True,214.0,0.0,True,True,214.0,1.0,True,True,,,False,False,213.0,1.0,True,True,214.0,0.0,True,True,214.0,0.0,True,True,,,tie,tie
+50,Male_+50,215,215,True,214.0,0.0,True,True,214.0,0.0,True,True,214.0,0.0,True,True,214.0,0.0,True,True,212.0,3.0,True,True,,,False,False,212.0,2.0,True,True,214.0,0.0,True,True,214.0,0.0,True,True,,,tie,tie
+50_ZMouth Open Horizontal And Vertical,Male_+50_ZMouth Open Horizontal And Vertical,215,215,True,214.0,0.0,True,True,214.0,0.0,True,True,214.0,0.0,True,True,214.0,0.0,True,True,214.0,1.0,True,True,,,False,False,213.0,1.0,True,True,214.0,0.0,True,True,214.0,0.0,True,True,,,tie,tie
-10,Male_-10,215,215,True,214.0,0.0,True,True,214.0,0.0,True,True,214.0,0.0,True,True,214.0,0.0,True,True,211.0,1.0,True,True,,,False,False,213.0,1.0,True,True,214.0,0.0,True,True,214.0,0.0,True,True,,,tie,tie
-10_ZMouth Open Horizontal And Vertical,Male_-10_ZMouth Open Horizontal And Vertical,215,215,True,214.0,0.0,True,True,214.0,0.0,True,True,214.0,0.0,True,True,214.0,0.0,True,True,213.0,1.0,True,True,,,False,False,212.0,1.0,True,True,214.0,0.0,True,True,214.0,0.0,True,True,,,tie,tie
-20,Male_-20,215,215,True,214.0,0.0,True,True,214.0,0.0,True,True,214.0,0.0,True,True,214.0,0.0,True,True,214.0,1.0,True,True,,,False,False,213.0,3.0,True,True,214.0,0.0,True,True,214.0,0.0,True,True,,,tie,tie
-20_ZMouth Open Horizontal And Vertical,Male_-20_ZMouth Open Horizontal And Vertical,215,215,True,214.0,0.0,True,True,214.0,0.0,True,True,214.0,0.0,True,True,214.0,0.0,True,True,214.0,1.0,True,True,,,False,False,213.0,1.0,True,True,214.0,0.0,True,True,214.0,0.0,True,True,,,tie,tie
-30,Male_-30,215,215,True,214.0,0.0,True,True,214.0,0.0,True,True,214.0,0.0,True,True,214.0,0.0,True,True,214.0,1.0,True,True,,,False,False,213.0,3.0,True,True,214.0,0.0,True,True,214.0,0.0,True,True,,,tie,tie
-40,Male_-40,215,215,True,214.0,0.0,True,True,214.0,0.0,True,True,214.0,0.0,True,True,214.0,0.0,True,True,214.0,1.0,True,True,,,False,False,213.0,3.0,True,True,214.0,0.0,True,True,214.0,0.0,True,True,,,tie,tie
-50,Male_-50,215,215,True,214.0,0.0,True,True,214.0,0.0,True,True,214.0,0.0,True,True,214.0,0.0,True,True,214.0,1.0,True,True,,,False,False,213.0,1.0,True,True,214.0,0.0,True,True,214.0,0.0,True,True,,,tie,tie
-60,Male_-60,215,215,True,214.0,0.0,True,True,214.0,0.0,True,True,214.0,0.0,True,True,214.0,0.0,True,True,214.0,1.0,True,True,,,False,False,213.0,1.0,True,True,154.0,51.0,True,True,154.0,51.0,True,True,,,tie,tie
0,Male_0,215,215,True,214.0,0.0,True,True,214.0,0.0,True,True,214.0,0.0,True,True,214.0,0.0,True,True,211.0,1.0,True,True,,,False,False,36.0,2.0,True,True,214.0,0.0,True,True,214.0,0.0,True,True,,,tie,tie
Angry,Male_Angry 01,215,215,True,214.0,0.0,True,True,214.0,0.0,True,True,214.0,0.0,True,True,214.0,0.0,True,True,214.0,4.0,True,True,,,False,False,211.0,4.0,True,True,214.0,0.0,True,True,214.0,0.0,True,True,,,tie,tie
Angry,Male_Angry 02,215,215,True,214.0,0.0,True,True,214.0,0.0,True,True,214.0,0.0,True,True,214.0,0.0,True,True,214.0,131.0,True,True,,,False,False,210.0,3.0,True,True,214.0,0.0,True,True,214.0,0.0,True,True,,,tie,tie
Angry,Male_Angry 03,215,215,True,214.0,0.0,True,True,214.0,0.0,True,True,214.0,0.0,True,True,214.0,0.0,True,True,214.0,1.0,True,True,,,False,False,213.0,4.0,True,True,214.0,0.0,True,True,214.0,0.0,True,True,,,tie,tie
Angry,Male_Angry 04,215,215,True,214.0,0.0,True,True,214.0,0.0,True,True,214.0,0.0,True,True,214.0,0.0,True,True,214.0,11.0,True,True,,,False,False,211.0,15.0,True,True,214.0,0.0,True,True,214.0,0.0,True,True,,,tie,tie
Angry,Male_Angry 05,215,215,True,214.0,0.0,True,True,214.0,0.0,True,True,214.0,0.0,True,True,214.0,0.0,True,True,214.0,1.0,True,True,,,False,False,211.0,1.0,True,True,214.0,0.0,True,True,214.0,0.0,True,True,,,tie,tie
Anguish,Male_Anguish,215,215,True,214.0,0.0,True,True,214.0,0.0,True,True,214.0,0.0,True,True,214.0,0.0,True,True,214.0,11.0,True,True,,,False,False,211.0,1.0,True,True,214.0,0.0,True,True,214.0,0.0,True,True,,,tie,tie
Animosity Growl,Male_Animosity Growl,215,215,True,214.0,0.0,True,True,214.0,0.0,True,True,214.0,0.0,True,True,214.0,0.0,True,True,194.0,2.0,True,True,,,False,False,200.0,1.0,True,True,214.0,0.0,True,True,214.0,0.0,True,True,,,tie,tie
Animosity Rebellious,Male_Animosity Rebellious,215,215,True,214.0,0.0,True,True,214.0,0.0,True,True,214.0,0.0,True,True,214.0,0.0,True,True,214.0,1.0,True,True,,,False,False,200.0,1.0,True,True,214.0,0.0,True,True,214.0,0.0,True,True,,,tie,tie
Bored,Male_Bored 01,215,215,True,214.0,0.0,True,True,214.0,0.0,True,True,214.0,0.0,True,True,214.0,0.0,True,True,211.0,2.0,True,True,,,False,False,195.0,2.0,True,True,214.0,0.0,True,True,214.0,0.0,True,True,,,tie,tie
Bored,Male_Bored 03,215,215,True,214.0,0.0,True,True,214.0,0.0,True,True,214.0,0.0,True,True,214.0,0.0,True,True,214.0,1.0,True,True,,,False,False,209.0,2.0,True,True,214.0,0.0,True,True,214.0,0.0,True,True,,,tie,tie
Bored,Male_Bored 04,215,215,True,214.0,0.0,True,True,214.0,0.0,True,True,214.0,0.0,True,True,214.0,0.0,True,True,212.0,1.0,True,True,,,False,False,213.0,3.0,True,True,214.0,0.0,True,True,214.0,0.0,True,True,,,tie,tie
Bored,Male_Bored 05,215,215,True,214.0,0.0,True,True,214.0,0.0,True,True,214.0,0.0,True,True,214.0,0.0,True,True,214.0,1.0,True,True,,,False,False,208.0,1.0,True,True,214.0,0.0,True,True,214.0,0.0,True,True,,,tie,tie
BreathTaking Over The Moon,Male_BreathTaking Over The Moon,215,215,True,214.0,0.0,True,True,214.0,0.0,True,True,214.0,0.0,True,True,214.0,0.0,True,True,194.0,2.0,True,True,,,False,False,200.0,14.0,True,True,214.0,0.0,True,True,214.0,0.0,True,True,,,tie,tie
Chewing,Male_Chewing,215,215,True,214.0,0.0,True,True,214.0,0.0,True,True,214.0,0.0,True,True,214.0,0.0,True,True,214.0,1.0,True,True,,,False,False,211.0,1.0,True,True,214.0,0.0,True,True,214.0,0.0,True,True,,,tie,tie
Choking,Male_Choking,215,215,True,214.0,0.0,True,True,214.0,0.0,True,True,214.0,0.0,True,True,214.0,0.0,True,True,211.0,1.0,True,True,,,False,False,142.0,14.0,True,True,214.0,0.0,True,True,214.0,0.0,True,True,,,tie,tie
Coughing,Male_Coughing,215,215,True,214.0,0.0,True,True,214.0,0.0,True,True,214.0,0.0,True,True,214.0,0.0,True,True,211.0,4.0,True,True,,,False,False,201.0,3.0,True,True,214.0,0.0,True,True,214.0,0.0,True,True,,,tie,tie
Crazed,Male_Crazed,215,215,True,214.0,0.0,True,True,214.0,0.0,True,True,214.0,0.0,True,True,214.0,0.0,True,True,212.0,1.0,True,True,,,False,False,160.0,95.0,True,True,214.0,0.0,True,True,214.0,0.0,True,True,,,tie,tie
Crying,Male_Crying,215,215,True,214.0,0.0,True,True,214.0,0.0,True,True,214.0,0.0,True,True,214.0,0.0,True,True,213.0,2.0,True,True,,,False,False,211.0,2.0,True,True,214.0,0.0,True,True,214.0,0.0,True,True,,,tie,tie
Cute,Male_Cute 01,215,215,True,214.0,0.0,True,True,214.0,0.0,True,True,214.0,0.0,True,True,214.0,0.0,True,True,214.0,1.0,True,True,,,False,False,213.0,3.0,True,True,214.0,0.0,True,True,214.0,0.0,True,True,,,tie,tie
Cute,Male_Cute 02,215,215,True,214.0,0.0,True,True,214.0,0.0,True,True,214.0,0.0,True,True,214.0,0.0,True,True,212.0,21.0,True,True,,,False,False,210.0,5.0,True,True,214.0,0.0,True,True,214.0,0.0,True,True,,,tie,tie
Cute,Male_Cute 03,215,215,True,214.0,0.0,True,True,214.0,0.0,True,True,214.0,0.0,True,True,214.0,0.0,True,True,211.0,3.0,True,True,,,False,False,210.0,3.0,True,True,214.0,0.0,True,True,214.0,0.0,True,True,,,tie,tie
Cute,Male_Cute 04,215,215,True,214.0,0.0,True,True,214.0,0.0,True,True,214.0,0.0,True,True,214.0,0.0,True,True,214.0,2.0,True,True,,,False,False,213.0,2.0,True,True,214.0,0.0,True,True,214.0,0.0,True,True,,,tie,tie
Cute,Male_Cute 05,215,215,True,214.0,0.0,True,True,214.0,0.0,True,True,214.0,0.0,True,True,214.0,0.0,True,True,214.0,1.0,True,True,,,False,False,213.0,1.0,True,True,214.0,0.0,True,True,214.0,0.0,True,True,,,tie,tie
Despise,Male_Despise 01,215,215,True,214.0,0.0,True,True,214.0,0.0,True,True,214.0,0.0,True,True,214.0,0.0,True,True,209.0,2.0,True,True,,,False,False,187.0,1.0,True,True,214.0,0.0,True,True,214.0,0.0,True,True,,,tie,tie
Despise,Male_Despise 02,215,215,True,214.0,0.0,True,True,214.0,0.0,True,True,214.0,0.0,True,True,214.0,0.0,True,True,214.0,9.0,True,True,,,False,False,213.0,1.0,True,True,214.0,0.0,True,True,214.0,0.0,True,True,,,tie,tie
Despise,Male_Despise 03,215,215,True,214.0,0.0,True,True,214.0,0.0,True,True,214.0,0.0,True,True,214.0,0.0,True,True,210.0,15.0,True,True,,,False,False,210.0,5.0,True,True,214.0,0.0,True,True,214.0,0.0,True,True,,,tie,tie
Despise,Male_Despise 04,215,215,True,214.0,0.0,True,True,214.0,0.0,True,True,214.0,0.0,True,True,214.0,0.0,True,True,214.0,1.0,True,True,,,False,False,213.0,4.0,True,True,214.0,0.0,True,True,214.0,0.0,True,True,,,tie,tie
Despise,Male_Despise 05,215,215,True,214.0,0.0,True,True,214.0,0.0,True,True,214.0,0.0,True,True,214.0,0.0,True,True,214.0,1.0,True,True,,,False,False,209.0,1.0,True,True,214.0,0.0,True,True,214.0,0.0,True,True,,,tie,tie
Determined,Male_Determined,215,215,True,214.0,0.0,True,True,214.0,0.0,True,True,214.0,0.0,True,True,214.0,0.0,True,True,211.0,14.0,True,True,,,False,False,210.0,5.0,True,True,214.0,0.0,True,True,214.0,0.0,True,True,,,tie,tie
Distrust,Male_Distrust 01,215,215,True,214.0,0.0,True,True,214.0,0.0,True,True,214.0,0.0,True,True,214.0,0.0,True,True,213.0,1.0,True,True,,,False,False,30.0,1.0,True,True,214.0,0.0,True,True,214.0,0.0,True,True,,,tie,tie
Distrust,Male_Distrust 02,215,215,True,214.0,0.0,True,True,214.0,0.0,True,True,214.0,0.0,True,True,214.0,0.0,True,True,214.0,1.0,True,True,,,False,False,209.0,1.0,True,True,214.0,0.0,True,True,214.0,0.0,True,True,,,tie,tie
Distrust,Male_Distrust 03,215,215,True,214.0,0.0,True,True,214.0,0.0,True,True,214.0,0.0,True,True,214.0,0.0,True,True,210.0,3.0,True,True,,,False,False,209.0,1.0,True,True,214.0,0.0,True,True,214.0,0.0,True,True,,,tie,tie
Distrust,Male_Distrust 04,215,215,True,214.0,0.0,True,True,214.0,0.0,True,True,214.0,0.0,True,True,214.0,0.0,True,True,214.0,1.0,True,True,,,False,False,209.0,1.0,True,True,214.0,0.0,True,True,214.0,0.0,True,True,,,tie,tie
Distrust,Male_Distrust 05,215,215,True,214.0,0.0,True,True,214.0,0.0,True,True,214.0,0.0,True,True,214.0,0.0,True,True,214.0,3.0,True,True,,,False,False,209.0,1.0,True,True,214.0,0.0,True,True,214.0,0.0,True,True,,,tie,tie
Empathy,Male_Empathy 01,215,215,True,214.0,0.0,True,True,214.0,0.0,True,True,214.0,0.0,True,True,214.0,0.0,True,True,214.0,1.0,True,True,,,False,False,209.0,1.0,True,True,214.0,0.0,True,True,214.0,0.0,True,True,,,tie,tie
Empathy,Male_Empathy 02,215,215,True,214.0,0.0,True,True,214.0,0.0,True,True,214.0,0.0,True,True,214.0,0.0,True,True,211.0,2.0,True,True,,,False,False,213.0,1.0,True,True,214.0,0.0,True,True,214.0,0.0,True,True,,,tie,tie
Empathy,Male_Empathy 03,215,215,True,214.0,0.0,True,True,214.0,0.0,True,True,214.0,0.0,True,True,214.0,0.0,True,True,212.0,8.0,True,True,,,False,False,211.0,4.0,True,True,214.0,0.0,True,True,214.0,0.0,True,True,,,tie,tie
Empathy,Male_Empathy 04,215,215,True,214.0,0.0,True,True,214.0,0.0,True,True,214.0,0.0,True,True,214.0,0.0,True,True,211.0,1.0,True,True,,,False,False,211.0,5.0,True,True,214.0,0.0,True,True,214.0,0.0,True,True,,,tie,tie
Empathy,Male_Empathy 05,215,215,True,214.0,0.0,True,True,214.0,0.0,True,True,214.0,0.0,True,True,214.0,0.0,True,True,210.0,1.0,True,True,,,False,False,189.0,3.0,True,True,214.0,0.0,True,True,214.0,0.0,True,True,,,tie,tie
Expressions Anger,Male_Expressions Anger 01,215,215,True,214.0,0.0,True,True,214.0,0.0,True,True,214.0,0.0,True,True,214.0,0.0,True,True,211.0,6.0,True,True,,,False,False,145.0,1.0,True,True,214.0,0.0,True,True,214.0,0.0,True,True,,,tie,tie
Expressions Anger,Male_Expressions Anger 02,215,215,True,214.0,0.0,True,True,214.0,0.0,True,True,214.0,0.0,True,True,214.0,0.0,True,True,214.0,1.0,True,True,,,False,False,213.0,1.0,True,True,214.0,0.0,True,True,214.0,0.0,True,True,,,tie,tie
Expressions Anger,Male_Expressions Anger 03,215,215,True,214.0,0.0,True,True,214.0,0.0,True,True,214.0,0.0,True,True,214.0,0.0,True,True,214.0,5.0,True,True,,,False,False,210.0,4.0,True,True,214.0,0.0,True,True,214.0,0.0,True,True,,,tie,tie
Expressions Anger,Male_Expressions Anger 04,215,215,True,214.0,0.0,True,True,214.0,0.0,True,True,214.0,0.0,True,True,214.0,0.0,True,True,213.0,6.0,True,True,,,False,False,212.0,1.0,True,True,214.0,0.0,True,True,214.0,0.0,True,True,,,tie,tie
Expressions Anger,Male_Expressions Anger 05,215,215,True,214.0,0.0,True,True,214.0,0.0,True,True,214.0,0.0,True,True,214.0,0.0,True,True,212.0,5.0,True,True,,,False,False,211.0,4.0,True,True,214.0,0.0,True,True,214.0,0.0,True,True,,,tie,tie
Expressions Confusion,Male_Expressions Confusion 01,215,215,True,214.0,0.0,True,True,214.0,0.0,True,True,214.0,0.0,True,True,214.0,0.0,True,True,214.0,3.0,True,True,,,False,False,212.0,1.0,True,True,214.0,0.0,True,True,214.0,0.0,True,True,,,tie,tie
Expressions Confusion,Male_Expressions Confusion 02,215,215,True,214.0,0.0,True,True,214.0,0.0,True,True,214.0,0.0,True,True,214.0,0.0,True,True,213.0,1.0,True,True,,,False,False,213.0,5.0,True,True,214.0,0.0,True,True,214.0,0.0,True,True,,,tie,tie
Expressions Confusion,Male_Expressions Confusion 03,215,215,True,214.0,0.0,True,True,214.0,0.0,True,True,214.0,0.0,True,True,214.0,0.0,True,True,214.0,3.0,True,True,,,False,False,212.0,36.0,True,True,214.0,0.0,True,True,214.0,0.0,True,True,,,tie,tie
Expressions Confusion,Male_Expressions Confusion 04,215,215,True,214.0,0.0,True,True,214.0,0.0,True,True,214.0,0.0,True,True,214.0,0.0,True,True,214.0,5.0,True,True,,,False,False,209.0,4.0,True,True,214.0,0.0,True,True,214.0,0.0,True,True,,,tie,tie
Expressions Confusion,Male_Expressions Confusion 05,215,215,True,214.0,0.0,True,True,214.0,0.0,True,True,214.0,0.0,True,True,214.0,0.0,True,True,214.0,5.0,True,True,,,False,False,213.0,8.0,True,True,214.0,0.0,True,True,214.0,0.0,True,True,,,tie,tie
Expressions Contempt,Male_Expressions Contempt 01,215,215,True,214.0,0.0,True,True,214.0,0.0,True,True,214.0,0.0,True,True,214.0,0.0,True,True,214.0,3.0,True,True,,,False,False,209.0,1.0,True,True,214.0,0.0,True,True,214.0,0.0,True,True,,,tie,tie
Expressions Contempt,Male_Expressions Contempt 02,215,215,True,214.0,0.0,True,True,214.0,0.0,True,True,214.0,0.0,True,True,214.0,0.0,True,True,214.0,3.0,True,True,,,False,False,210.0,1.0,True,True,214.0,0.0,True,True,214.0,0.0,True,True,,,tie,tie
Expressions Contempt,Male_Expressions Contempt 03,215,215,True,214.0,0.0,True,True,214.0,0.0,True,True,214.0,0.0,True,True,214.0,0.0,True,True,29.0,1.0,True,True,,,False,False,210.0,1.0,True,True,214.0,0.0,True,True,214.0,0.0,True,True,,,tie,tie
Expressions Contempt,Male_Expressions Contempt 04,215,215,True,214.0,0.0,True,True,214.0,0.0,True,True,214.0,0.0,True,True,214.0,0.0,True,True,214.0,3.0,True,True,,,False,False,210.0,1.0,True,True,214.0,0.0,True,True,214.0,0.0,True,True,,,tie,tie
Expressions Contempt,Male_Expressions Contempt 05,215,215,True,214.0,0.0,True,True,214.0,0.0,True,True,214.0,0.0,True,True,214.0,0.0,True,True,210.0,9.0,True,True,,,False,False,164.0,1.0,True,True,214.0,0.0,True,True,214.0,0.0,True,True,,,tie,tie
Expressions Desire,Male_Expressions Desire 01,215,215,True,214.0,0.0,True,True,214.0,0.0,True,True,214.0,0.0,True,True,214.0,0.0,True,True,210.0,1.0,True,True,,,False,False,210.0,1.0,True,True,214.0,0.0,True,True,214.0,0.0,True,True,,,tie,tie
Expressions Desire,Male_Expressions Desire 02,215,215,True,214.0,0.0,True,True,214.0,0.0,True,True,214.0,0.0,True,True,214.0,0.0,True,True,210.0,1.0,True,True,,,False,False,210.0,3.0,True,True,214.0,0.0,True,True,214.0,0.0,True,True,,,tie,tie
Expressions Desire,Male_Expressions Desire 03,215,215,True,214.0,0.0,True,True,214.0,0.0,True,True,214.0,0.0,True,True,214.0,0.0,True,True,211.0,3.0,True,True,,,False,False,210.0,1.0,True,True,214.0,0.0,True,True,214.0,0.0,True,True,,,tie,tie
Expressions Desire,Male_Expressions Desire 04,215,215,True,214.0,0.0,True,True,214.0,0.0,True,True,214.0,0.0,True,True,214.0,0.0,True,True,211.0,3.0,True,True,,,False,False,211.0,2.0,True,True,214.0,0.0,True,True,214.0,0.0,True,True,,,tie,tie
Expressions Desire,Male_Expressions Desire 05,215,215,True,214.0,0.0,True,True,214.0,0.0,True,True,214.0,0.0,True,True,214.0,0.0,True,True,210.0,1.0,True,True,,,False,False,209.0,1.0,True,True,214.0,0.0,True,True,214.0,0.0,True,True,,,tie,tie
Expressions Disgust,Male_Expressions Disgust 01,215,215,True,214.0,0.0,True,True,214.0,0.0,True,True,214.0,0.0,True,True,214.0,0.0,True,True,214.0,1.0,True,True,,,False,False,199.0,1.0,True,True,214.0,0.0,True,True,214.0,0.0,True,True,,,tie,tie
Expressions Disgust,Male_Expressions Disgust 02,215,215,True,214.0,0.0,True,True,214.0,0.0,True,True,214.0,0.0,True,True,214.0,0.0,True,True,214.0,3.0,True,True,,,False,False,164.0,1.0,True,True,214.0,0.0,True,True,214.0,0.0,True,True,,,tie,tie
Expressions Disgust,Male_Expressions Disgust 03,215,215,True,214.0,0.0,True,True,214.0,0.0,True,True,214.0,0.0,True,True,214.0,0.0,True,True,214.0,1.0,True,True,,,False,False,210.0,1.0,True,True,214.0,0.0,True,True,214.0,0.0,True,True,,,tie,tie
Expressions Disgust,Male_Expressions Disgust 04,215,215,True,214.0,0.0,True,True,214.0,0.0,True,True,214.0,0.0,True,True,214.0,0.0,True,True,212.0,1.0,True,True,,,False,False,212.0,1.0,True,True,214.0,0.0,True,True,214.0,0.0,True,True,,,tie,tie
Expressions Disgust,Male_Expressions Disgust 05,215,215,True,214.0,0.0,True,True,214.0,0.0,True,True,214.0,0.0,True,True,214.0,0.0,True,True,214.0,3.0,True,True,,,False,False,210.0,1.0,True,True,214.0,0.0,True,True,214.0,0.0,True,True,,,tie,tie
Expressions Excitement,Male_Expressions Excitement 01,215,215,True,214.0,0.0,True,True,214.0,0.0,True,True,214.0,0.0,True,True,214.0,0.0,True,True,214.0,1.0,True,True,,,False,False,213.0,1.0,True,True,214.0,0.0,True,True,214.0,0.0,True,True,,,tie,tie
Expressions Excitement,Male_Expressions Excitement 02,215,215,True,214.0,0.0,True,True,214.0,0.0,True,True,214.0,0.0,True,True,214.0,0.0,True,True,213.0,1.0,True,True,,,False,False,212.0,1.0,True,True,214.0,0.0,True,True,214.0,0.0,True,True,,,tie,tie
Expressions Excitement,Male_Expressions Excitement 03,215,215,True,214.0,0.0,True,True,214.0,0.0,True,True,214.0,0.0,True,True,214.0,0.0,True,True,212.0,1.0,True,True,,,False,False,148.0,1.0,True,True,214.0,0.0,True,True,214.0,0.0,True,True,,,tie,tie
Expressions Excitement,Male_Expressions Excitement 04,215,215,True,214.0,0.0,True,True,214.0,0.0,True,True,214.0,0.0,True,True,214.0,0.0,True,True,211.0,3.0,True,True,,,False,False,166.0,1.0,True,True,214.0,0.0,True,True,214.0,0.0,True,True,,,tie,tie
Expressions Excitement,Male_Expressions Excitement 05,215,215,True,214.0,0.0,True,True,214.0,0.0,True,True,214.0,0.0,True,True,214.0,0.0,True,True,210.0,1.0,True,True,,,False,False,209.0,4.0,True,True,214.0,0.0,True,True,214.0,0.0,True,True,,,tie,tie
Expressions Fear,Male_Expressions Fear 01,215,215,True,214.0,0.0,True,True,214.0,0.0,True,True,214.0,0.0,True,True,214.0,0.0,True,True,214.0,1.0,True,True,,,False,False,210.0,1.0,True,True,214.0,0.0,True,True,214.0,0.0,True,True,,,tie,tie
Expressions Fear,Male_Expressions Fear 02,215,215,True,214.0,0.0,True,True,214.0,0.0,True,True,214.0,0.0,True,True,214.0,0.0,True,True,214.0,1.0,True,True,,,False,False,213.0,1.0,True,True,214.0,0.0,True,True,214.0,0.0,True,True,,,tie,tie
Expressions Fear,Male_Expressions Fear 03,215,215,True,214.0,0.0,True,True,214.0,0.0,True,True,214.0,0.0,True,True,214.0,0.0,True,True,213.0,162.0,True,True,,,False,False,213.0,5.0,True,True,214.0,0.0,True,True,214.0,0.0,True,True,,,tie,tie
Expressions Fear,Male_Expressions Fear 04,215,215,True,214.0,0.0,True,True,214.0,0.0,True,True,214.0,0.0,True,True,214.0,0.0,True,True,214.0,1.0,True,True,,,False,False,209.0,1.0,True,True,214.0,0.0,True,True,214.0,0.0,True,True,,,tie,tie
Expressions Fear,Male_Expressions Fear 05,215,215,True,214.0,0.0,True,True,214.0,0.0,True,True,214.0,0.0,True,True,214.0,0.0,True,True,210.0,1.0,True,True,,,False,False,209.0,1.0,True,True,214.0,0.0,True,True,214.0,0.0,True,True,,,tie,tie
Expressions Happiness,Male_Expressions Happiness 01,215,215,True,214.0,0.0,True,True,214.0,0.0,True,True,214.0,0.0,True,True,214.0,0.0,True,True,212.0,1.0,True,True,,,False,False,210.0,1.0,True,True,214.0,0.0,True,True,214.0,0.0,True,True,,,tie,tie
Expressions Happiness,Male_Expressions Happiness 02,215,215,True,214.0,0.0,True,True,214.0,0.0,True,True,214.0,0.0,True,True,214.0,0.0,True,True,212.0,1.0,True,True,,,False,False,210.0,1.0,True,True,214.0,0.0,True,True,214.0,0.0,True,True,,,tie,tie
Expressions Happiness,Male_Expressions Happiness 03,215,215,True,214.0,0.0,True,True,214.0,0.0,True,True,214.0,0.0,True,True,214.0,0.0,True,True,212.0,1.0,True,True,,,False,False,212.0,1.0,True,True,214.0,0.0,True,True,214.0,0.0,True,True,,,tie,tie
Expressions Happiness,Male_Expressions Happiness 04,215,215,True,214.0,0.0,True,True,214.0,0.0,True,True,214.0,0.0,True,True,214.0,0.0,True,True,213.0,1.0,True,True,,,False,False,209.0,1.0,True,True,214.0,0.0,True,True,214.0,0.0,True,True,,,tie,tie
Expressions Happiness,Male_Expressions Happiness 05,215,215,True,214.0,0.0,True,True,214.0,0.0,True,True,214.0,0.0,True,True,214.0,0.0,True,True,213.0,1.0,True,True,,,False,False,210.0,4.0,True,True,214.0,0.0,True,True,214.0,0.0,True,True,,,tie,tie
Expressions Sadness,Male_Expressions Sadness 01,215,215,True,214.0,0.0,True,True,214.0,0.0,True,True,214.0,0.0,True,True,214.0,0.0,True,True,212.0,3.0,True,True,,,False,False,212.0,1.0,True,True,214.0,0.0,True,True,214.0,0.0,True,True,,,tie,tie
Expressions Sadness,Male_Expressions Sadness 02,215,215,True,214.0,0.0,True,True,214.0,0.0,True,True,214.0,0.0,True,True,214.0,0.0,True,True,212.0,1.0,True,True,,,False,False,212.0,1.0,True,True,214.0,0.0,True,True,214.0,0.0,True,True,,,tie,tie
Expressions Sadness,Male_Expressions Sadness 03,215,215,True,214.0,0.0,True,True,214.0,0.0,True,True,214.0,0.0,True,True,214.0,0.0,True,True,212.0,1.0,True,True,,,False,False,210.0,3.0,True,True,214.0,0.0,True,True,214.0,0.0,True,True,,,tie,tie
Expressions Sadness,Male_Expressions Sadness 04,215,215,True,214.0,0.0,True,True,214.0,0.0,True,True,214.0,0.0,True,True,214.0,0.0,True,True,213.0,3.0,True,True,,,False,False,213.0,1.0,True,True,214.0,0.0,True,True,214.0,0.0,True,True,,,tie,tie
Expressions Sadness,Male_Expressions Sadness 05,215,215,True,214.0,0.0,True,True,214.0,0.0,True,True,214.0,0.0,True,True,214.0,0.0,True,True,213.0,3.0,True,True,,,False,False,211.0,2.0,True,True,214.0,0.0,True,True,214.0,0.0,True,True,,,tie,tie
Expressions Surprise,Male_Expressions Surprise 01,215,215,True,214.0,0.0,True,True,214.0,0.0,True,True,214.0,0.0,True,True,214.0,0.0,True,True,214.0,2.0,True,True,,,False,False,202.0,1.0,True,True,214.0,0.0,True,True,214.0,0.0,True,True,,,tie,tie
Expressions Surprise,Male_Expressions Surprise 02,215,215,True,214.0,0.0,True,True,214.0,0.0,True,True,214.0,0.0,True,True,214.0,0.0,True,True,213.0,5.0,True,True,,,False,False,206.0,5.0,True,True,214.0,0.0,True,True,214.0,0.0,True,True,,,tie,tie
Expressions Surprise,Male_Expressions Surprise 03,215,215,True,214.0,0.0,True,True,214.0,0.0,True,True,214.0,0.0,True,True,214.0,0.0,True,True,214.0,1.0,True,True,,,False,False,212.0,1.0,True,True,214.0,0.0,True,True,214.0,0.0,True,True,,,tie,tie
Expressions Surprise,Male_Expressions Surprise 04,215,215,True,214.0,0.0,True,True,214.0,0.0,True,True,214.0,0.0,True,True,214.0,0.0,True,True,214.0,15.0,True,True,,,False,False,213.0,1.0,True,True,214.0,0.0,True,True,214.0,0.0,True,True,,,tie,tie
Expressions Surprise,Male_Expressions Surprise 05,215,215,True,214.0,0.0,True,True,214.0,0.0,True,True,214.0,0.0,True,True,214.0,0.0,True,True,214.0,1.0,True,True,,,False,False,213.0,2.0,True,True,214.0,0.0,True,True,214.0,0.0,True,True,,,tie,tie
Eyeglasses,Male_Eyeglasses 1,215,215,True,214.0,0.0,True,True,214.0,0.0,True,True,214.0,0.0,True,True,214.0,0.0,True,True,213.0,2.0,True,True,,,False,False,213.0,3.0,True,True,213.0,0.0,True,True,213.0,0.0,True,True,,,tie,tie
Fear,Male_Fear 01,215,215,True,214.0,0.0,True,True,214.0,0.0,True,True,214.0,0.0,True,True,214.0,0.0,True,True,214.0,7.0,True,True,,,False,False,195.0,138.0,True,True,214.0,0.0,True,True,214.0,0.0,True,True,,,tie,tie
Fear,Male_Fear 02,215,215,True,214.0,0.0,True,True,214.0,0.0,True,True,214.0,0.0,True,True,214.0,0.0,True,True,210.0,2.0,True,True,,,False,False,210.0,5.0,True,True,214.0,0.0,True,True,214.0,0.0,True,True,,,tie,tie
Fear,Male_Fear 03,215,215,True,214.0,0.0,True,True,214.0,0.0,True,True,214.0,0.0,True,True,214.0,0.0,True,True,214.0,1.0,True,True,,,False,False,209.0,1.0,True,True,214.0,0.0,True,True,214.0,0.0,True,True,,,tie,tie
Fear,Male_Fear 04,215,215,True,214.0,0.0,True,True,214.0,0.0,True,True,214.0,0.0,True,True,214.0,0.0,True,True,213.0,2.0,True,True,,,False,False,212.0,5.0,True,True,214.0,0.0,True,True,214.0,0.0,True,True,,,tie,tie
Fear,Male_Fear 05,215,215,True,214.0,0.0,True,True,214.0,0.0,True,True,214.0,0.0,True,True,214.0,0.0,True,True,214.0,12.0,True,True,,,False,False,199.0,4.0,True,True,214.0,0.0,True,True,214.0,0.0,True,True,,,tie,tie
Fierce Cutthroat,Male_Fierce Cutthroat,215,215,True,214.0,0.0,True,True,214.0,0.0,True,True,214.0,0.0,True,True,214.0,0.0,True,True,130.0,3.0,True,True,,,False,False,210.0,3.0,True,True,214.0,0.0,True,True,214.0,0.0,True,True,,,tie,tie
Fierce Fiery,Male_Fierce Fiery,215,215,True,214.0,0.0,True,True,214.0,0.0,True,True,214.0,0.0,True,True,214.0,0.0,True,True,214.0,12.0,True,True,,,False,False,210.0,1.0,True,True,214.0,0.0,True,True,214.0,0.0,True,True,,,tie,tie
Fierce Savage,Male_Fierce Savage,215,215,True,214.0,0.0,True,True,214.0,0.0,True,True,214.0,0.0,True,True,214.0,0.0,True,True,203.0,6.0,True,True,,,False,False,202.0,12.0,True,True,214.0,0.0,True,True,214.0,0.0,True,True,,,tie,tie
Happy,Male_Happy 01,215,215,True,214.0,0.0,True,True,214.0,0.0,True,True,214.0,0.0,True,True,214.0,0.0,True,True,214.0,3.0,True,True,,,False,False,213.0,4.0,True,True,214.0,0.0,True,True,214.0,0.0,True,True,,,tie,tie
Happy,Male_Happy 02,215,215,True,214.0,0.0,True,True,214.0,0.0,True,True,214.0,0.0,True,True,214.0,0.0,True,True,208.0,1.0,True,True,,,False,False,212.0,4.0,True,True,214.0,0.0,True,True,214.0,0.0,True,True,,,tie,tie
Happy,Male_Happy 03,215,215,True,214.0,0.0,True,True,214.0,0.0,True,True,214.0,0.0,True,True,214.0,0.0,True,True,195.0,3.0,True,True,,,False,False,193.0,1.0,True,True,214.0,0.0,True,True,214.0,0.0,True,True,,,tie,tie
Happy,Male_Happy 04,215,215,True,214.0,0.0,True,True,214.0,0.0,True,True,214.0,0.0,True,True,214.0,0.0,True,True,210.0,1.0,True,True,,,False,False,209.0,1.0,True,True,214.0,0.0,True,True,214.0,0.0,True,True,,,tie,tie
Happy,Male_Happy 05,215,215,True,214.0,0.0,True,True,214.0,0.0,True,True,214.0,0.0,True,True,214.0,0.0,True,True,214.0,1.0,True,True,,,False,False,209.0,1.0,True,True,214.0,0.0,True,True,214.0,0.0,True,True,,,tie,tie
Happy Elated,Male_Happy Elated,215,215,True,214.0,0.0,True,True,214.0,0.0,True,True,214.0,0.0,True,True,214.0,0.0,True,True,214.0,1.0,True,True,,,False,False,213.0,3.0,True,True,214.0,0.0,True,True,214.0,0.0,True,True,,,tie,tie
Happy Perky,Male_Happy Perky,215,215,True,214.0,0.0,True,True,214.0,0.0,True,True,214.0,0.0,True,True,214.0,0.0,True,True,214.0,6.0,True,True,,,False,False,211.0,16.0,True,True,214.0,0.0,True,True,214.0,0.0,True,True,,,tie,tie
Happy So Peaceful,Male_Happy So Peaceful,215,215,True,214.0,0.0,True,True,214.0,0.0,True,True,214.0,0.0,True,True,214.0,0.0,True,True,210.0,1.0,True,True,,,False,False,209.0,1.0,True,True,214.0,0.0,True,True,214.0,0.0,True,True,,,tie,tie
Humiliated,Male_Humiliated,215,215,True,214.0,0.0,True,True,214.0,0.0,True,True,214.0,0.0,True,True,214.0,0.0,True,True,207.0,1.0,True,True,,,False,False,211.0,38.0,True,True,214.0,0.0,True,True,214.0,0.0,True,True,,,tie,tie
Insanity Deranged,Male_Insanity Deranged,215,215,True,214.0,0.0,True,True,214.0,0.0,True,True,214.0,0.0,True,True,214.0,0.0,True,True,214.0,1.0,True,True,,,False,False,211.0,5.0,True,True,214.0,0.0,True,True,214.0,0.0,True,True,,,tie,tie
Insanity Go Cucko,Male_Insanity Go Cucko,215,215,True,214.0,0.0,True,True,214.0,0.0,True,True,214.0,0.0,True,True,214.0,0.0,True,True,209.0,16.0,True,True,,,False,False,207.0,27.0,True,True,214.0,0.0,True,True,214.0,0.0,True,True,,,tie,tie
Insanity Going Crazy,Male_Insanity Going Crazy,215,215,True,214.0,0.0,True,True,214.0,0.0,True,True,214.0,0.0,True,True,214.0,0.0,True,True,214.0,1.0,True,True,,,False,False,209.0,1.0,True,True,214.0,0.0,True,True,214.0,0.0,True,True,,,tie,tie
Insanity Hostile,Male_Insanity Hostile,215,215,True,214.0,0.0,True,True,214.0,0.0,True,True,214.0,0.0,True,True,214.0,0.0,True,True,214.0,3.0,True,True,,,False,False,211.0,3.0,True,True,214.0,0.0,True,True,214.0,0.0,True,True,,,tie,tie
Insanity Lunatic,Male_Insanity Lunatic,215,215,True,214.0,0.0,True,True,214.0,0.0,True,True,214.0,0.0,True,True,214.0,0.0,True,True,212.0,2.0,True,True,,,False,False,210.0,1.0,True,True,214.0,0.0,True,True,214.0,0.0,True,True,,,tie,tie
Joy,Male_Joy 01,215,215,True,214.0,0.0,True,True,214.0,0.0,True,True,214.0,0.0,True,True,214.0,0.0,True,True,213.0,162.0,True,True,,,False,False,212.0,87.0,True,True,214.0,0.0,True,True,214.0,0.0,True,True,,,tie,tie
Joy,Male_Joy 02,215,215,True,214.0,0.0,True,True,214.0,0.0,True,True,214.0,0.0,True,True,214.0,0.0,True,True,214.0,1.0,True,True,,,False,False,213.0,4.0,True,True,214.0,0.0,True,True,214.0,0.0,True,True,,,tie,tie
Joy,Male_Joy 03,215,215,True,214.0,0.0,True,True,214.0,0.0,True,True,214.0,0.0,True,True,214.0,0.0,True,True,168.0,1.0,True,True,,,False,False,211.0,3.0,True,True,214.0,0.0,True,True,214.0,0.0,True,True,,,tie,tie
Joy,Male_Joy 04,215,215,True,214.0,0.0,True,True,214.0,0.0,True,True,214.0,0.0,True,True,214.0,0.0,True,True,214.0,1.0,True,True,,,False,False,213.0,1.0,True,True,214.0,0.0,True,True,214.0,0.0,True,True,,,tie,tie
Joy,Male_Joy 05,215,215,True,214.0,0.0,True,True,214.0,0.0,True,True,214.0,0.0,True,True,214.0,0.0,True,True,214.0,1.0,True,True,,,False,False,213.0,2.0,True,True,214.0,0.0,True,True,214.0,0.0,True,True,,,tie,tie
Judgemental,Male_Judgemental 01,215,215,True,214.0,0.0,True,True,214.0,0.0,True,True,214.0,0.0,True,True,214.0,0.0,True,True,214.0,1.0,True,True,,,False,False,213.0,1.0,True,True,214.0,0.0,True,True,214.0,0.0,True,True,,,tie,tie
Judgemental,Male_Judgemental 02,215,215,True,214.0,0.0,True,True,214.0,0.0,True,True,214.0,0.0,True,True,214.0,0.0,True,True,213.0,1.0,True,True,,,False,False,213.0,5.0,True,True,214.0,0.0,True,True,214.0,0.0,True,True,,,tie,tie
Judgemental,Male_Judgemental 03,215,215,True,214.0,0.0,True,True,214.0,0.0,True,True,214.0,0.0,True,True,214.0,0.0,True,True,213.0,1.0,True,True,,,False,False,212.0,5.0,True,True,214.0,0.0,True,True,214.0,0.0,True,True,,,tie,tie
Judgemental,Male_Judgemental 04,215,215,True,214.0,0.0,True,True,214.0,0.0,True,True,214.0,0.0,True,True,214.0,0.0,True,True,210.0,1.0,True,True,,,False,False,209.0,5.0,True,True,214.0,0.0,True,True,214.0,0.0,True,True,,,tie,tie
Judgemental,Male_Judgemental 05,215,215,True,214.0,0.0,True,True,214.0,0.0,True,True,214.0,0.0,True,True,214.0,0.0,True,True,211.0,1.0,True,True,,,False,False,146.0,1.0,True,True,214.0,0.0,True,True,214.0,0.0,True,True,,,tie,tie
Nervous,Male_Nervous,215,215,True,214.0,0.0,True,True,214.0,0.0,True,True,214.0,0.0,True,True,214.0,0.0,True,True,214.0,4.0,True,True,,,False,False,213.0,1.0,True,True,214.0,0.0,True,True,214.0,0.0,True,True,,,tie,tie
Pain,Male_Pain 01,215,215,True,214.0,0.0,True,True,214.0,0.0,True,True,214.0,0.0,True,True,214.0,0.0,True,True,214.0,2.0,True,True,,,False,False,213.0,1.0,True,True,214.0,0.0,True,True,214.0,0.0,True,True,,,tie,tie
Pain,Male_Pain 02,215,215,True,214.0,0.0,True,True,214.0,0.0,True,True,214.0,0.0,True,True,214.0,0.0,True,True,214.0,4.0,True,True,,,False,False,212.0,1.0,True,True,214.0,0.0,True,True,214.0,0.0,True,True,,,tie,tie
Pain,Male_Pain 03,215,215,True,214.0,0.0,True,True,214.0,0.0,True,True,214.0,0.0,True,True,214.0,0.0,True,True,211.0,1.0,True,True,,,False,False,210.0,3.0,True,True,214.0,0.0,True,True,214.0,0.0,True,True,,,tie,tie
Pain,Male_Pain 04,215,215,True,214.0,0.0,True,True,214.0,0.0,True,True,214.0,0.0,True,True,214.0,0.0,True,True,214.0,1.0,True,True,,,False,False,213.0,1.0,True,True,214.0,0.0,True,True,214.0,0.0,True,True,,,tie,tie
Pain,Male_Pain 05,215,215,True,214.0,0.0,True,True,214.0,0.0,True,True,214.0,0.0,True,True,214.0,0.0,True,True,212.0,3.0,True,True,,,False,False,211.0,16.0,True,True,214.0,0.0,True,True,214.0,0.0,True,True,,,tie,tie
Pain Illness,Male_Pain Illness,215,215,True,214.0,0.0,True,True,214.0,0.0,True,True,214.0,0.0,True,True,214.0,0.0,True,True,214.0,5.0,True,True,,,False,False,213.0,1.0,True,True,214.0,0.0,True,True,214.0,0.0,True,True,,,tie,tie
Playful,Male_Playful 01,215,215,True,214.0,0.0,True,True,214.0,0.0,True,True,214.0,0.0,True,True,214.0,0.0,True,True,214.0,2.0,True,True,,,False,False,210.0,6.0,True,True,214.0,0.0,True,True,214.0,0.0,True,True,,,tie,tie
Playful,Male_Playful 02,215,215,True,214.0,0.0,True,True,214.0,0.0,True,True,214.0,0.0,True,True,214.0,0.0,True,True,198.0,6.0,True,True,,,False,False,205.0,5.0,True,True,214.0,0.0,True,True,214.0,0.0,True,True,,,tie,tie
Playful,Male_Playful 03,215,215,True,214.0,0.0,True,True,214.0,0.0,True,True,214.0,0.0,True,True,214.0,0.0,True,True,214.0,5.0,True,True,,,False,False,213.0,5.0,True,True,214.0,0.0,True,True,214.0,0.0,True,True,,,tie,tie
Playful,Male_Playful 04,215,215,True,214.0,0.0,True,True,214.0,0.0,True,True,214.0,0.0,True,True,214.0,0.0,True,True,209.0,3.0,True,True,,,False,False,203.0,1.0,True,True,214.0,0.0,True,True,214.0,0.0,True,True,,,tie,tie
Playful,Male_Playful 05,215,215,True,214.0,0.0,True,True,214.0,0.0,True,True,214.0,0.0,True,True,214.0,0.0,True,True,214.0,9.0,True,True,,,False,False,210.0,1.0,True,True,214.0,0.0,True,True,214.0,0.0,True,True,,,tie,tie
Pleasure Oo So Funny,Male_Pleasure Oo So Funny,215,215,True,214.0,0.0,True,True,214.0,0.0,True,True,214.0,0.0,True,True,214.0,0.0,True,True,213.0,3.0,True,True,,,False,False,208.0,179.0,True,True,214.0,0.0,True,True,214.0,0.0,True,True,,,tie,tie
Romantic,Male_Romantic 01,215,215,True,214.0,0.0,True,True,214.0,0.0,True,True,214.0,0.0,True,True,214.0,0.0,True,True,210.0,5.0,True,True,,,False,False,210.0,4.0,True,True,214.0,0.0,True,True,214.0,0.0,True,True,,,tie,tie
Romantic,Male_Romantic 02,215,215,True,214.0,0.0,True,True,214.0,0.0,True,True,214.0,0.0,True,True,214.0,0.0,True,True,214.0,1.0,True,True,,,False,False,208.0,68.0,True,True,214.0,0.0,True,True,214.0,0.0,True,True,,,tie,tie
Romantic,Male_Romantic 03,215,215,True,214.0,0.0,True,True,214.0,0.0,True,True,214.0,0.0,True,True,214.0,0.0,True,True,212.0,1.0,True,True,,,False,False,213.0,5.0,True,True,214.0,0.0,True,True,214.0,0.0,True,True,,,tie,tie
Romantic,Male_Romantic 04,215,215,True,214.0,0.0,True,True,214.0,0.0,True,True,214.0,0.0,True,True,214.0,0.0,True,True,210.0,1.0,True,True,,,False,False,212.0,5.0,True,True,214.0,0.0,True,True,214.0,0.0,True,True,,,tie,tie
Romantic,Male_Romantic 05,215,215,True,214.0,0.0,True,True,214.0,0.0,True,True,214.0,0.0,True,True,214.0,0.0,True,True,214.0,9.0,True,True,,,False,False,208.0,16.0,True,True,214.0,0.0,True,True,214.0,0.0,True,True,,,tie,tie
S Wink,Male_S Wink 02,215,215,True,214.0,0.0,True,True,214.0,0.0,True,True,214.0,0.0,True,True,214.0,0.0,True,True,213.0,7.0,True,True,,,False,False,213.0,2.0,True,True,214.0,0.0,True,True,214.0,0.0,True,True,,,tie,tie
Sad,Male_Sad 01,215,215,True,214.0,0.0,True,True,214.0,0.0,True,True,214.0,0.0,True,True,214.0,0.0,True,True,199.0,1.0,True,True,,,False,False,18.0,3.0,True,True,214.0,0.0,True,True,214.0,0.0,True,True,,,tie,tie
Sad,Male_Sad 02,215,215,True,214.0,0.0,True,True,214.0,0.0,True,True,214.0,0.0,True,True,214.0,0.0,True,True,211.0,3.0,True,True,,,False,False,18.0,1.0,True,True,214.0,0.0,True,True,214.0,0.0,True,True,,,tie,tie
Sad,Male_Sad 03,215,215,True,214.0,0.0,True,True,214.0,0.0,True,True,214.0,0.0,True,True,214.0,0.0,True,True,18.0,3.0,True,True,,,False,False,209.0,1.0,True,True,214.0,0.0,True,True,214.0,0.0,True,True,,,tie,tie
Sad,Male_Sad 04,215,215,True,214.0,0.0,True,True,214.0,0.0,True,True,214.0,0.0,True,True,214.0,0.0,True,True,211.0,3.0,True,True,,,False,False,210.0,5.0,True,True,214.0,0.0,True,True,214.0,0.0,True,True,,,tie,tie
Sad,Male_Sad 05,215,215,True,214.0,0.0,True,True,214.0,0.0,True,True,214.0,0.0,True,True,214.0,0.0,True,True,210.0,1.0,True,True,,,False,False,209.0,3.0,True,True,214.0,0.0,True,True,214.0,0.0,True,True,,,tie,tie
Scream,Male_Scream,215,215,True,214.0,0.0,True,True,214.0,0.0,True,True,214.0,0.0,True,True,214.0,0.0,True,True,214.0,27.0,True,True,,,False,False,211.0,1.0,True,True,214.0,0.0,True,True,214.0,0.0,True,True,,,tie,tie
Seriousness,Male_Seriousness 01,215,215,True,214.0,0.0,True,True,214.0,0.0,True,True,214.0,0.0,True,True,214.0,0.0,True,True,214.0,1.0,True,True,,,False,False,213.0,1.0,True,True,214.0,0.0,True,True,214.0,0.0,True,True,,,tie,tie
Seriousness,Male_Seriousness 02,215,215,True,214.0,0.0,True,True,214.0,0.0,True,True,214.0,0.0,True,True,214.0,0.0,True,True,214.0,1.0,True,True,,,False,False,210.0,4.0,True,True,214.0,0.0,True,True,214.0,0.0,True,True,,,tie,tie
Seriousness,Male_Seriousness 03,215,215,True,214.0,0.0,True,True,214.0,0.0,True,True,214.0,0.0,True,True,214.0,0.0,True,True,210.0,15.0,True,True,,,False,False,204.0,1.0,True,True,214.0,0.0,True,True,214.0,0.0,True,True,,,tie,tie
Seriousness,Male_Seriousness 04,215,215,True,214.0,0.0,True,True,214.0,0.0,True,True,214.0,0.0,True,True,214.0,0.0,True,True,214.0,15.0,True,True,,,False,False,210.0,1.0,True,True,214.0,0.0,True,True,214.0,0.0,True,True,,,tie,tie
Seriousness,Male_Seriousness 05,215,215,True,214.0,0.0,True,True,214.0,0.0,True,True,214.0,0.0,True,True,214.0,0.0,True,True,213.0,1.0,True,True,,,False,False,212.0,5.0,True,True,214.0,0.0,True,True,214.0,0.0,True,True,,,tie,tie
Silly,Male_Silly 01,215,215,True,214.0,0.0,True,True,214.0,0.0,True,True,214.0,0.0,True,True,214.0,0.0,True,True,214.0,1.0,True,True,,,False,False,212.0,1.0,True,True,214.0,0.0,True,True,214.0,0.0,True,True,,,tie,tie
Silly,Male_Silly 02,215,215,True,214.0,0.0,True,True,214.0,0.0,True,True,214.0,0.0,True,True,214.0,0.0,True,True,214.0,1.0,True,True,,,False,False,208.0,2.0,True,True,214.0,0.0,True,True,214.0,0.0,True,True,,,tie,tie
Silly,Male_Silly 03,215,215,True,214.0,0.0,True,True,214.0,0.0,True,True,214.0,0.0,True,True,214.0,0.0,True,True,211.0,1.0,True,True,,,False,False,198.0,1.0,True,True,214.0,0.0,True,True,214.0,0.0,True,True,,,tie,tie
Silly,Male_Silly 04,215,215,True,214.0,0.0,True,True,214.0,0.0,True,True,214.0,0.0,True,True,214.0,0.0,True,True,212.0,1.0,True,True,,,False,False,210.0,5.0,True,True,214.0,0.0,True,True,214.0,0.0,True,True,,,tie,tie
Silly,Male_Silly 05,215,215,True,214.0,0.0,True,True,214.0,0.0,True,True,214.0,0.0,True,True,214.0,0.0,True,True,214.0,1.0,True,True,,,False,False,212.0,5.0,True,True,214.0,0.0,True,True,214.0,0.0,True,True,,,tie,tie
Sleepy,Male_Sleepy,215,215,True,214.0,0.0,True,True,214.0,0.0,True,True,214.0,0.0,True,True,214.0,0.0,True,True,212.0,1.0,True,True,,,False,False,199.0,15.0,True,True,214.0,0.0,True,True,214.0,0.0,True,True,,,tie,tie
Sleepy,Male_Sleepy 01,215,215,True,214.0,0.0,True,True,214.0,0.0,True,True,214.0,0.0,True,True,214.0,0.0,True,True,212.0,3.0,True,True,,,False,False,209.0,4.0,True,True,214.0,0.0,True,True,214.0,0.0,True,True,,,tie,tie
Sleepy,Male_Sleepy 02,215,215,True,214.0,0.0,True,True,214.0,0.0,True,True,214.0,0.0,True,True,214.0,0.0,True,True,214.0,1.0,True,True,,,False,False,213.0,3.0,True,True,214.0,0.0,True,True,214.0,0.0,True,True,,,tie,tie
Sleepy,Male_Sleepy 03,215,215,True,214.0,0.0,True,True,214.0,0.0,True,True,214.0,0.0,True,True,214.0,0.0,True,True,214.0,1.0,True,True,,,False,False,213.0,1.0,True,True,214.0,0.0,True,True,214.0,0.0,True,True,,,tie,tie
Sleepy,Male_Sleepy 04,215,215,True,214.0,0.0,True,True,214.0,0.0,True,True,214.0,0.0,True,True,214.0,0.0,True,True,214.0,1.0,True,True,,,False,False,211.0,1.0,True,True,214.0,0.0,True,True,214.0,0.0,True,True,,,tie,tie
Sleepy,Male_Sleepy 05,215,215,True,214.0,0.0,True,True,214.0,0.0,True,True,214.0,0.0,True,True,214.0,0.0,True,True,193.0,1.0,True,True,,,False,False,193.0,1.0,True,True,214.0,0.0,True,True,214.0,0.0,True,True,,,tie,tie
Straining,Male_Straining,215,215,True,214.0,0.0,True,True,214.0,0.0,True,True,214.0,0.0,True,True,214.0,0.0,True,True,210.0,4.0,True,True,,,False,False,175.0,5.0,True,True,214.0,0.0,True,True,214.0,0.0,True,True,,,tie,tie
Subtle,Male_Subtle 01,215,215,True,214.0,0.0,True,True,214.0,0.0,True,True,214.0,0.0,True,True,214.0,0.0,True,True,210.0,6.0,True,True,,,False,False,212.0,5.0,True,True,214.0,0.0,True,True,214.0,0.0,True,True,,,tie,tie
Subtle,Male_Subtle 02,215,215,True,214.0,0.0,True,True,214.0,0.0,True,True,214.0,0.0,True,True,214.0,0.0,True,True,214.0,3.0,True,True,,,False,False,192.0,5.0,True,True,214.0,0.0,True,True,214.0,0.0,True,True,,,tie,tie
Subtle,Male_Subtle 03,215,215,True,214.0,0.0,True,True,214.0,0.0,True,True,214.0,0.0,True,True,214.0,0.0,True,True,210.0,3.0,True,True,,,False,False,210.0,4.0,True,True,214.0,0.0,True,True,214.0,0.0,True,True,,,tie,tie
Subtle,Male_Subtle 04,215,215,True,214.0,0.0,True,True,214.0,0.0,True,True,214.0,0.0,True,True,214.0,0.0,True,True,214.0,3.0,True,True,,,False,False,209.0,3.0,True,True,214.0,0.0,True,True,214.0,0.0,True,True,,,tie,tie
Subtle,Male_Subtle 05,215,215,True,214.0,0.0,True,True,214.0,0.0,True,True,214.0,0.0,True,True,214.0,0.0,True,True,214.0,4.0,True,True,,,False,False,209.0,3.0,True,True,214.0,0.0,True,True,214.0,0.0,True,True,,,tie,tie
Talking,Male_Talking 01,215,215,True,214.0,0.0,True,True,214.0,0.0,True,True,214.0,0.0,True,True,214.0,0.0,True,True,214.0,4.0,True,True,,,False,False,212.0,4.0,True,True,214.0,0.0,True,True,214.0,0.0,True,True,,,tie,tie
Talking,Male_Talking 02,215,215,True,214.0,0.0,True,True,214.0,0.0,True,True,214.0,0.0,True,True,214.0,0.0,True,True,214.0,1.0,True,True,,,False,False,212.0,4.0,True,True,214.0,0.0,True,True,214.0,0.0,True,True,,,tie,tie
Talking,Male_Talking 03,215,215,True,214.0,0.0,True,True,214.0,0.0,True,True,214.0,0.0,True,True,214.0,0.0,True,True,210.0,1.0,True,True,,,False,False,194.0,1.0,True,True,214.0,0.0,True,True,214.0,0.0,True,True,,,tie,tie
Talking,Male_Talking 04,215,215,True,214.0,0.0,True,True,214.0,0.0,True,True,214.0,0.0,True,True,214.0,0.0,True,True,214.0,4.0,True,True,,,False,False,213.0,4.0,True,True,214.0,0.0,True,True,214.0,0.0,True,True,,,tie,tie
Talking,Male_Talking 05,215,215,True,214.0,0.0,True,True,214.0,0.0,True,True,214.0,0.0,True,True,214.0,0.0,True,True,214.0,1.0,True,True,,,False,False,187.0,5.0,True,True,214.0,0.0,True,True,214.0,0.0,True,True,,,tie,tie
Terror,Male_Terror,215,215,True,214.0,0.0,True,True,214.0,0.0,True,True,214.0,0.0,True,True,214.0,0.0,True,True,212.0,4.0,True,True,,,False,False,212.0,3.0,True,True,214.0,0.0,True,True,214.0,0.0,True,True,,,tie,tie
Terror Phobia,Male_Terror Phobia,215,215,True,214.0,0.0,True,True,214.0,0.0,True,True,214.0,0.0,True,True,214.0,0.0,True,True,212.0,19.0,True,True,,,False,False,211.0,16.0,True,True,214.0,0.0,True,True,214.0,0.0,True,True,,,tie,tie
Ulgh,Male_Ulgh,215,215,True,214.0,0.0,True,True,214.0,0.0,True,True,214.0,0.0,True,True,214.0,0.0,True,True,208.0,2.0,True,True,,,False,False,211.0,2.0,True,True,214.0,0.0,True,True,214.0,0.0,True,True,,,tie,tie
Wicked,Male_Wicked 01,215,215,True,214.0,0.0,True,True,214.0,0.0,True,True,214.0,0.0,True,True,214.0,0.0,True,True,214.0,16.0,True,True,,,False,False,212.0,24.0,True,True,214.0,0.0,True,True,214.0,0.0,True,True,,,tie,tie
Wicked,Male_Wicked 02,215,215,True,214.0,0.0,True,True,214.0,0.0,True,True,214.0,0.0,True,True,214.0,0.0,True,True,212.0,1.0,True,True,,,False,False,212.0,1.0,True,True,214.0,0.0,True,True,214.0,0.0,True,True,,,tie,tie
Wicked,Male_Wicked 03,215,215,True,214.0,0.0,True,True,214.0,0.0,True,True,214.0,0.0,True,True,214.0,0.0,True,True,209.0,1.0,True,True,,,False,False,212.0,3.0,True,True,214.0,0.0,True,True,214.0,0.0,True,True,,,tie,tie
Wicked,Male_Wicked 04,215,215,True,214.0,0.0,True,True,214.0,0.0,True,True,214.0,0.0,True,True,214.0,0.0,True,True,214.0,1.0,True,True,,,False,False,213.0,5.0,True,True,214.0,0.0,True,True,214.0,0.0,True,True,,,tie,tie
Wicked,Male_Wicked 05,215,215,True,214.0,0.0,True,True,214.0,0.0,True,True,214.0,0.0,True,True,214.0,0.0,True,True,211.0,1.0,True,True,,,False,False,211.0,4.0,True,True,214.0,0.0,True,True,214.0,0.0,True,True,,,tie,tie
Wink,Male_Wink,215,215,True,214.0,0.0,True,True,214.0,0.0,True,True,214.0,0.0,True,True,214.0,0.0,True,True,211.0,6.0,True,True,,,False,False,201.0,149.0,True,True,214.0,0.0,True,True,214.0,0.0,True,True,,,tie,tie
With Forehead Wrinkles Angry,Male_With Forehead Wrinkles Angry 01,215,215,True,214.0,0.0,True,True,214.0,0.0,True,True,214.0,0.0,True,True,214.0,0.0,True,True,214.0,4.0,True,True,,,False,False,213.0,4.0,True,True,214.0,0.0,True,True,214.0,0.0,True,True,,,tie,tie
With Forehead Wrinkles Angry,Male_With Forehead Wrinkles Angry 02,215,215,True,214.0,0.0,True,True,214.0,0.0,True,True,214.0,0.0,True,True,214.0,0.0,True,True,214.0,2.0,True,True,,,False,False,207.0,1.0,True,True,214.0,0.0,True,True,214.0,0.0,True,True,,,tie,tie
With Forehead Wrinkles Angry,Male_With Forehead Wrinkles Angry 03,215,215,True,214.0,0.0,True,True,214.0,0.0,True,True,214.0,0.0,True,True,214.0,0.0,True,True,214.0,4.0,True,True,,,False,False,210.0,3.0,True,True,214.0,0.0,True,True,214.0,0.0,True,True,,,tie,tie
With Forehead Wrinkles Angry,Male_With Forehead Wrinkles Angry 04,215,215,True,214.0,0.0,True,True,214.0,0.0,True,True,214.0,0.0,True,True,214.0,0.0,True,True,213.0,4.0,True,True,,,False,False,172.0,3.0,True,True,214.0,0.0,True,True,214.0,0.0,True,True,,,tie,tie
With Forehead Wrinkles Angry,Male_With Forehead Wrinkles Angry 05,215,215,True,214.0,0.0,True,True,214.0,0.0,True,True,214.0,0.0,True,True,214.0,0.0,True,True,214.0,1.0,True,True,,,False,False,211.0,1.0,True,True,214.0,0.0,True,True,214.0,0.0,True,True,,,tie,tie
ZMouth Open Horizontal,Male_ZMouth Open Horizontal,215,215,True,214.0,0.0,True,True,214.0,0.0,True,True,214.0,0.0,True,True,214.0,0.0,True,True,214.0,1.0,True,True,,,False,False,209.0,5.0,True,True,214.0,0.0,True,True,214.0,0.0,True,True,,,tie,tie
ZMouth Open Horizontal And Vertical,Male_ZMouth Open Horizontal And Vertical,215,215,True,214.0,0.0,True,True,214.0,0.0,True,True,214.0,0.0,True,True,214.0,0.0,True,True,199.0,2.0,True,True,,,False,False,211.0,1.0,True,True,214.0,0.0,True,True,214.0,0.0,True,True,,,tie,tie
ZZ_Bearded,Male_ZZ_Bearded,215,215,True,214.0,0.0,True,True,214.0,0.0,True,True,214.0,0.0,True,True,214.0,0.0,True,True,212.0,206.0,True,True,,,False,False,208.0,27.0,True,True,214.0,0.0,True,True,214.0,0.0,True,True,,,tie,tie
ZZ_Cavalier,Male_ZZ_Cavalier,215,215,True,214.0,0.0,True,True,214.0,0.0,True,True,214.0,0.0,True,True,214.0,0.0,True,True,214.0,1.0,True,True,,,False,False,213.0,1.0,True,True,214.0,0.0,True,True,214.0,0.0,True,True,,,tie,tie
ZZ_Dapper,Male_ZZ_Dapper,215,215,True,214.0,0.0,True,True,214.0,0.0,True,True,214.0,0.0,True,True,214.0,0.0,True,True,214.0,1.0,True,True,,,False,False,212.0,2.0,True,True,214.0,0.0,True,True,214.0,0.0,True,True,,,tie,tie
ZZ_Flynn,Male_ZZ_Flynn,215,215,True,214.0,0.0,True,True,214.0,0.0,True,True,214.0,0.0,True,True,214.0,0.0,True,True,214.0,1.0,True,True,,,False,False,212.0,1.0,True,True,214.0,0.0,True,True,214.0,0.0,True,True,,,tie,tie
ZZ_Franz Josef,Male_ZZ_Franz Josef,215,215,True,214.0,0.0,True,True,214.0,0.0,True,True,214.0,0.0,True,True,214.0,0.0,True,True,214.0,1.0,True,True,,,False,False,210.0,3.0,True,True,214.0,0.0,True,True,214.0,0.0,True,True,,,tie,tie
ZZ_Friendly Mutton Chops,Male_ZZ_Friendly Mutton Chops,215,215,True,214.0,0.0,True,True,214.0,0.0,True,True,214.0,0.0,True,True,214.0,0.0,True,True,210.0,1.0,True,True,,,False,False,210.0,1.0,True,True,214.0,0.0,True,True,214.0,0.0,True,True,,,tie,tie
ZZ_Fu Manchu,Male_ZZ_Fu Manchu,215,215,True,214.0,0.0,True,True,214.0,0.0,True,True,214.0,0.0,True,True,214.0,0.0,True,True,214.0,1.0,True,True,,,False,False,211.0,1.0,True,True,214.0,0.0,True,True,214.0,0.0,True,True,,,tie,tie
ZZ_Fu Manchu Goatee,Male_ZZ_Fu Manchu Goatee,215,215,True,214.0,0.0,True,True,214.0,0.0,True,True,214.0,0.0,True,True,214.0,0.0,True,True,212.0,1.0,True,True,,,False,False,208.0,1.0,True,True,214.0,0.0,True,True,214.0,0.0,True,True,,,tie,tie
ZZ_Full Beard,Male_ZZ_Full Beard,215,215,True,214.0,0.0,True,True,214.0,0.0,True,True,214.0,0.0,True,True,214.0,0.0,True,True,214.0,194.0,True,True,,,False,False,213.0,48.0,True,True,214.0,0.0,True,True,214.0,0.0,True,True,,,tie,tie
ZZ_Goatee,Male_ZZ_Goatee,215,215,True,214.0,0.0,True,True,214.0,0.0,True,True,214.0,0.0,True,True,214.0,0.0,True,True,214.0,1.0,True,True,,,False,False,213.0,28.0,True,True,214.0,0.0,True,True,214.0,0.0,True,True,,,tie,tie
ZZ_Grizzly Beard,Male_ZZ_Grizzly Beard,215,215,True,214.0,0.0,True,True,214.0,0.0,True,True,214.0,0.0,True,True,214.0,0.0,True,True,213.0,1.0,True,True,,,False,False,,,False,False,,,False,False,,,False,False,"C,B","C,B",incomplete,incomplete
ZZ_Mutton Chops,Male_ZZ_Mutton Chops,215,215,True,214.0,0.0,True,True,214.0,0.0,True,True,214.0,0.0,True,True,214.0,0.0,True,True,214.0,1.0,True,True,,,False,False,213.0,4.0,True,True,214.0,0.0,True,True,214.0,0.0,True,True,,,tie,tie
ZZ_Napoleon III,Male_ZZ_Napoleon III,215,215,True,214.0,0.0,True,True,214.0,0.0,True,True,214.0,0.0,True,True,214.0,0.0,True,True,212.0,2.0,True,True,,,False,False,207.0,2.0,True,True,214.0,0.0,True,True,214.0,0.0,True,True,,,tie,tie
ZZ_Officer,Male_ZZ_Officer,215,215,True,214.0,0.0,True,True,214.0,0.0,True,True,214.0,0.0,True,True,214.0,0.0,True,True,214.0,1.0,True,True,,,False,False,210.0,1.0,True,True,214.0,0.0,True,True,214.0,0.0,True,True,,,tie,tie
ZZ_Pioneer,Male_ZZ_Pioneer,215,215,True,214.0,0.0,True,True,214.0,0.0,True,True,214.0,0.0,True,True,214.0,0.0,True,True,214.0,1.0,True,True,,,False,False,213.0,26.0,True,True,214.0,0.0,True,True,214.0,0.0,True,True,,,tie,tie
ZZ_Stubbled,Male_ZZ_Stubbled,215,215,True,214.0,0.0,True,True,214.0,0.0,True,True,214.0,0.0,True,True,214.0,0.0,True,True,212.0,1.0,True,True,,,False,False,208.0,3.0,True,True,214.0,0.0,True,True,214.0,0.0,True,True,,,tie,tie
